2024-03-08 18:59:57.003834,Unknown,None,68265.25,68265.25,0.0,0.0,0.0,0.0,1.0,0.0
2024-03-08 18:59:58.294105,Unknown,None,68262.47,68263.79,1.28,0.0,0.0,0.0,1.0,0.0
2024-03-08 18:59:59.601093,Unknown,None,68261.22,68262.3,2.59,0.0,0.0,0.0,1.0,0.0
2024-03-08 19:00:01.071536,Unknown,None,68261.45,68261.45,4.06,0.8973,0.573,0.0,1.0,0.0
2024-03-08 19:00:02.331781,Unknown,None,68275.98,68262.89,5.32,3.3592,1.932,2.3537,1.0,0.0
2024-03-08 19:00:03.594694,Unknown,None,68281.86,68264.33,6.59,1.4459,-1.1659,0.5536,1.0,0.0
2024-03-08 19:00:05.016987,Unknown,None,68269.29,68265.94,8.01,2.4742,0.3375,1.1579,1.0,0.0
2024-03-08 19:00:06.385013,Unknown,None,68240.05,68264.39,9.38,-2.1553,-4.3846,-0.9668,1.0,0.0
2024-03-08 19:00:07.776143,Unknown,None,68241.81,68262.8,10.77,1.2097,1.2915,0.0,1.0,0.0
2024-03-08 19:00:09.004737,Unknown,None,68234.92,68261.41,12.0,-0.3172,-0.1121,0.0,1.0,0.0
2024-03-08 19:00:10.360890,Unknown,None,68251.69,68259.86,13.35,0.0627,-0.0045,0.0,1.0,0.0
2024-03-08 19:00:11.780964,Unknown,None,68237.76,68258.25,14.77,-0.054,0.0044,0.0,1.0,0.0
2024-03-08 19:00:13.111841,Unknown,None,68238.21,68256.73,16.1,-0.0239,-0.0013,0.0,1.0,0.0
2024-03-08 19:00:14.472201,Unknown,None,68249.11,68255.19,17.46,-0.0313,-0.0011,0.0,1.0,0.0
2024-03-08 19:00:15.989201,Unknown,None,68240.17,68253.46,18.98,-0.029,0.0007,0.0,1.0,0.0
2024-03-08 19:00:17.372221,Unknown,None,68238.31,68251.89,20.36,-0.0298,-0.0003,0.0,1.0,0.0
2024-03-08 19:00:18.692250,Unknown,None,68237.34,68250.39,21.68,-0.0296,0.0002,0.0,1.0,0.0
2024-03-08 19:00:19.926200,Unknown,None,68236.47,68248.98,22.92,-0.0295,0.0,0.0,1.0,0.0
2024-03-08 19:00:21.172083,Unknown,None,68236.59,68247.57,24.16,-0.0295,0.0,0.0,1.0,0.0
2024-03-08 19:00:22.459062,Unknown,None,68236.41,68246.1,25.45,-0.0296,0.0001,0.0,1.0,0.0
2024-03-08 19:00:23.878970,Unknown,None,68239.14,68244.49,26.87,-0.0295,0.0,0.0,1.0,0.0
2024-03-08 19:00:25.161038,Unknown,None,68239.14,68243.03,28.15,-0.0296,0.0001,0.0,1.0,0.0
2024-03-08 19:00:26.416956,Unknown,None,68239.14,68241.6,29.41,-0.0297,0.0001,0.0,1.0,0.0
2024-03-08 19:00:27.669478,Unknown,None,68239.14,68240.23,30.66,0.0538,0.0837,0.0,1.0,0.0
2024-03-08 19:00:28.932496,Plateau,None,68239.14,68239.51,31.92,1.0023,1.0313,0.0,1.0,0.0
2024-03-08 19:00:30.168440,Plateau,None,68239.14,68239.14,33.16,0.7815,0.812,0.0,1.0,0.0
2024-03-08 19:00:31.455800,Plateau,None,68266.98,68240.6,34.45,3.5291,3.5586,0.0,1.0,0.0
2024-03-08 19:00:32.706689,Plateau,None,68260.98,68242.03,35.7,1.5026,1.5157,0.0,1.0,0.0
2024-03-08 19:00:33.943403,Plateau,None,68260.71,68243.43,36.93,2.4463,2.5418,0.0,1.0,0.0
2024-03-08 19:00:35.229601,Plateau,None,68259.62,68244.9,38.22,2.1894,1.9321,0.0,1.0,0.0
2024-03-08 19:00:36.629376,Plateau,None,68252.28,68246.49,39.62,2.2611,1.6589,0.0,1.0,0.0
2024-03-08 19:00:37.918593,Plateau,None,68252.56,68247.95,40.91,2.2422,1.3348,0.0,1.0,0.0
2024-03-08 19:00:39.184876,Plateau,None,68255.37,68249.4,42.18,2.2461,-0.1088,0.9538,1.0,0.0
2024-03-08 19:00:41.733088,Plateau,None,68252.11,68250.7,44.72,0.8296,-1.3792,0.3756,1.0,0.0
2024-03-08 19:00:43.045829,Plateau,None,68247.93,68249.21,46.04,-0.8617,-3.123,-0.3811,1.0,0.0
2024-03-08 19:00:44.320738,Plateau,None,68245.12,68247.76,47.31,0.5043,-1.737,0.225,1.0,0.0
2024-03-08 19:00:45.600192,Plateau,None,68245.12,68246.51,48.59,0.1348,-2.1119,0.06,1.0,0.0
2024-03-08 19:00:46.811794,Plateau,None,68239.16,68245.13,49.8,-0.2179,-2.4613,-0.0971,1.0,0.0
2024-03-08 19:00:48.137027,Plateau,None,68239.16,68243.62,51.13,0.076,-2.1752,0.0337,1.0,0.0
2024-03-08 19:00:49.578567,Plateau,None,68239.17,68241.98,52.57,-0.0584,-2.2883,-0.0262,1.0,0.0
2024-03-08 19:00:50.818838,Plateau,None,68239.18,68240.57,53.81,-0.0242,-1.9916,-0.0123,1.0,0.0
2024-03-08 19:00:52.072391,Plateau,None,68239.15,68239.84,55.06,1.0349,-0.1757,0.8548,1.0,0.0
2024-03-08 19:00:53.324749,Plateau,None,68239.17,68239.17,56.32,0.3099,0.2322,0.0,1.0,0.0
2024-03-08 19:00:54.610822,Plateau,None,68239.18,68239.18,57.6,1.693,1.859,0.0,1.0,0.0
2024-03-08 19:00:56.038066,Plateau,None,68239.18,68239.18,59.03,0.7436,0.6442,0.0,1.0,0.0
2024-03-08 19:00:57.432104,Plateau,None,68239.18,68239.18,60.42,1.2028,1.0953,0.0,1.0,0.0
2024-03-08 19:00:58.837808,Plateau,None,68239.18,68239.18,61.83,1.0813,1.1467,0.0,1.0,0.0
2024-03-08 19:01:00.083086,Plateau,None,68239.18,68239.18,63.07,1.1131,1.1413,0.0,1.0,0.0
2024-03-08 19:01:01.370644,Plateau,None,68239.18,68239.18,64.36,1.1076,1.1048,0.0,1.0,0.0
2024-03-08 19:01:02.646479,Plateau,None,68233.92,68237.73,65.64,-1.0763,-0.9612,0.0,1.0,0.0
2024-03-08 19:01:04.142666,Plateau,None,68233.92,68236.03,67.13,0.6925,0.469,0.0,1.0,0.0
2024-03-08 19:01:05.451351,Plateau,None,68234.33,68234.63,68.44,-0.0515,-0.6569,0.0,1.0,0.0
2024-03-08 19:01:06.686609,Plateau,None,68234.33,68234.33,69.68,1.6061,1.0707,0.0,1.0,0.0
2024-03-08 19:01:07.953728,Plateau,None,68230.39,68232.89,70.94,-1.3058,-2.4294,-1.1622,1.0,0.0
2024-03-08 19:01:09.350244,Plateau,None,68230.37,68231.3,72.34,0.642,-0.4993,0.5625,1.0,0.0
2024-03-08 19:01:10.753234,Plateau,None,68230.85,68230.85,73.74,1.3702,0.2853,1.263,1.0,0.0
2024-03-08 19:01:12.026559,Plateau,None,68225.14,68229.4,75.02,-1.0959,-2.216,-0.9783,1.0,0.0
2024-03-08 19:01:13.283746,Plateau,None,68224.39,68227.97,76.27,0.4746,-0.6382,0.4265,1.0,0.0
2024-03-08 19:01:14.540043,Plateau,None,68224.35,68226.54,77.53,-0.1642,-1.2171,-0.1559,1.0,0.0
2024-03-08 19:01:15.850664,Plateau,None,68224.77,68225.11,78.84,0.1044,-1.18,0.0813,1.0,0.0
2024-03-08 19:01:17.262657,Plateau,None,68224.35,68224.35,80.25,1.0627,0.3862,0.0,1.0,0.0
2024-03-08 19:01:18.535265,Plateau,None,68224.35,68224.35,81.53,1.3156,1.5419,0.0,1.0,0.0
2024-03-08 19:01:19.810499,Plateau,None,68224.35,68224.35,82.8,0.9131,0.8897,0.0,1.0,0.0
2024-03-08 19:01:21.096189,Plateau,None,68224.35,68224.35,84.09,1.164,1.3127,0.0,1.0,0.0
2024-03-08 19:01:22.358727,Plateau,None,68224.82,68224.82,85.35,1.8054,1.3529,0.0,1.0,0.0
2024-03-08 19:01:23.692374,Plateau,None,68224.37,68224.37,86.68,-0.103,-0.9695,0.0,1.0,0.0
2024-03-08 19:01:25.097282,Plateau,None,68224.37,68224.37,88.09,1.8921,2.1288,0.0,1.0,0.0
2024-03-08 19:01:26.321282,Plateau,None,68239.18,68225.76,89.31,2.9572,3.1197,0.0,1.0,0.0
2024-03-08 19:01:27.554109,Plateau,None,68239.42,68227.16,90.54,1.7514,1.0441,0.0,1.0,0.0
2024-03-08 19:01:28.741594,Plateau,None,68239.42,68228.51,91.73,2.3722,1.6235,0.0,1.0,0.0
2024-03-08 19:01:29.984458,Plateau,None,68240.6,68229.92,92.98,2.2018,2.3543,0.0,1.0,0.0
2024-03-08 19:01:31.263514,Plateau,None,68242.76,68231.38,94.25,2.257,2.2904,0.0,1.0,0.0
2024-03-08 19:01:32.486703,Plateau,None,68242.54,68232.77,95.48,2.2491,2.2426,0.0,1.0,0.0
2024-03-08 19:01:33.754390,Plateau,None,68240.01,68234.21,96.74,2.2512,2.3084,0.0,1.0,0.0
2024-03-08 19:01:35.029155,Plateau,None,68239.64,68235.66,98.02,2.2466,2.1688,0.0,1.0,0.0
2024-03-08 19:01:36.250765,Plateau,None,68237.14,68235.66,99.24,0.0865,-0.4515,0.0,1.0,0.0
2024-03-08 19:01:37.596942,Plateau,None,68232.89,68234.13,100.59,-0.4761,-1.5077,-0.4616,1.0,0.0
2024-03-08 19:01:39.048370,Plateau,None,68227.44,68232.48,102.04,0.4758,-0.6805,0.4115,1.0,0.0
2024-03-08 19:01:40.358827,Plateau,None,68226.06,68230.99,103.35,-0.1526,-1.1743,-0.1494,1.0,0.0
2024-03-08 19:01:41.591681,Plateau,None,68227.55,68229.59,104.58,0.0078,-1.1789,0.0066,1.0,0.0
2024-03-08 19:01:42.827978,Plateau,None,68227.55,68228.57,105.82,0.5762,-0.9964,0.3664,1.0,0.0
2024-03-08 19:01:44.055084,Plateau,None,68227.55,68227.87,107.05,0.6088,-0.2475,0.0,1.0,0.0
2024-03-08 19:01:45.419623,Plateau,None,68227.55,68227.55,108.41,1.0842,0.3813,0.0,1.0,0.0
2024-03-08 19:01:46.698040,Plateau,None,68227.55,68227.55,109.69,1.1834,-0.3124,0.7911,1.0,0.0
2024-03-08 19:01:47.945363,Plateau,None,68224.35,68226.13,110.94,-1.1491,-3.5222,-0.4843,1.0,0.0
2024-03-08 19:01:49.313955,Plateau,None,68224.35,68224.58,112.3,0.662,-1.5637,0.2974,1.0,0.0
2024-03-08 19:01:50.714187,Plateau,None,68211.22,68222.98,113.7,-0.2119,-2.4554,-0.0945,1.0,0.0
2024-03-08 19:01:52.005794,Plateau,None,68209.7,68221.51,115.0,0.0177,-2.2355,0.0078,1.0,0.0
2024-03-08 19:01:53.257028,Plateau,None,68206.68,68220.09,116.25,-0.0368,-2.2832,-0.0164,1.0,0.0
2024-03-08 19:01:54.551127,Plateau,None,68208.81,68218.62,117.54,-0.0313,-2.2757,-0.014,1.0,0.0
2024-03-08 19:01:55.844042,Plateau,None,68208.81,68217.15,118.83,-0.04,-2.2727,-0.0179,1.0,0.0
2024-03-08 19:01:57.117476,Plateau,None,68208.81,68215.7,120.11,-0.0146,-2.2618,-0.0065,1.0,0.0
2024-03-08 19:01:58.344074,Plateau,None,68207.52,68214.31,121.33,-0.0015,-2.3458,-0.0007,1.0,0.0
2024-03-08 19:01:59.705255,Plateau,None,68208.81,68212.76,122.7,-0.0488,-1.0051,0.0,1.0,0.0
2024-03-08 19:02:00.939591,Plateau,None,68208.81,68211.36,123.93,-1.1563,0.1068,0.9153,1.0,0.0
2024-03-08 19:02:02.182464,Plateau,None,68208.81,68209.94,125.17,-2.4984,-0.0101,1.004,1.0,0.0
2024-03-08 19:02:03.437956,Plateau,None,68208.81,68208.81,126.43,-1.8456,0.436,0.8088,1.0,0.0
2024-03-08 19:02:04.710950,Plateau,None,68208.81,68208.81,127.7,-0.1048,1.8922,0.0524,1.0,0.0
2024-03-08 19:02:05.984381,Plateau,None,68206.22,68207.36,128.98,-1.1392,-1.7641,0.0,1.0,0.0
2024-03-08 19:02:07.380714,Plateau,None,68206.22,68206.22,130.37,1.3366,0.8887,0.0,1.0,0.0
2024-03-08 19:02:08.784243,Plateau,None,68206.22,68206.22,131.77,1.5228,0.6201,0.0,1.0,0.0
2024-03-08 19:02:10.192891,Plateau,None,68206.22,68206.22,133.18,0.7816,-0.377,0.6746,1.0,0.0
2024-03-08 19:02:11.422092,Plateau,None,68206.22,68206.22,134.41,1.2122,1.3848,0.0,1.0,0.0
2024-03-08 19:02:12.690660,Plateau,None,68228.6,68207.66,135.68,3.3102,3.2672,0.0,1.0,0.0
2024-03-08 19:02:13.937482,Plateau,None,68228.77,68209.08,136.93,1.6811,1.6811,0.0,1.0,0.0
2024-03-08 19:02:15.239010,Plateau,None,68225.63,68210.56,138.23,2.4349,2.4399,0.0,1.0,0.0
2024-03-08 19:02:16.683817,Plateau,None,68222.41,68212.2,139.67,2.2277,2.2262,0.0,1.0,0.0
2024-03-08 19:02:17.923192,Plateau,None,68219.98,68213.61,140.91,2.2804,2.2852,0.0,1.0,0.0
2024-03-08 19:02:19.443462,Plateau,None,68211.17,68212.23,142.43,-1.8525,-1.8606,0.0,1.0,0.0
2024-03-08 19:02:20.711032,Plateau,None,68211.24,68212.05,143.7,2.6345,2.6322,0.0,1.0,0.0
2024-03-08 19:02:22.100951,Plateau,None,68211.24,68211.24,145.09,-0.6258,-0.6244,0.0,1.0,0.0
2024-03-08 19:02:23.440772,Plateau,None,68213.38,68212.27,146.43,3.5619,3.5646,0.0,1.0,0.0
2024-03-08 19:02:24.740578,Plateau,None,68211.4,68211.96,147.73,-0.8242,-0.8224,0.0,1.0,0.0
2024-03-08 19:02:25.988430,Plateau,None,68206.59,68210.54,148.98,-0.0651,-0.0589,0.0,1.0,0.0
2024-03-08 19:02:27.277994,Plateau,None,68206.95,68209.07,150.27,0.1953,-0.4856,0.0,1.0,0.0
2024-03-08 19:02:28.521745,Plateau,None,68206.59,68207.66,151.51,-0.7168,-0.9953,0.0,1.0,0.0
2024-03-08 19:02:29.892147,Plateau,None,68206.59,68206.59,152.88,-0.4062,0.8283,0.3289,1.0,0.0
2024-03-08 19:02:31.148242,Plateau,None,68206.59,68206.59,154.14,-0.8777,0.9436,0.4818,1.0,0.0
2024-03-08 19:02:32.734992,Plateau,None,68206.95,68206.95,155.73,-1.0872,-0.1237,0.0,1.0,0.0
2024-03-08 19:02:34.072174,Plateau,None,68206.59,68206.59,157.06,-1.8835,-0.5479,1.4101,1.0,0.0
2024-03-08 19:02:35.306844,Plateau,None,68206.59,68206.59,158.3,-0.6445,-0.0349,0.0,1.0,0.0
2024-03-08 19:02:36.644629,Plateau,None,68201.14,68205.06,159.64,-3.592,-3.7262,0.0,1.0,0.0
2024-03-08 19:02:38.154494,Plateau,None,68201.1,68203.35,161.15,-1.5041,-1.4928,0.0,1.0,0.0
2024-03-08 19:02:39.390872,Plateau,None,68200.73,68201.94,162.38,-2.4023,-2.3645,0.0,1.0,0.0
2024-03-08 19:02:40.689498,Plateau,None,68200.73,68200.78,163.68,-1.2151,-2.1285,0.0,1.0,0.0
2024-03-08 19:02:41.943694,Plateau,None,68200.73,68200.73,164.93,1.4485,0.7338,0.0,1.0,0.0
2024-03-08 19:02:43.286295,Plateau,None,68200.73,68200.73,166.28,0.8056,0.4532,0.0,1.0,0.0
2024-03-08 19:02:44.602085,Plateau,None,68200.73,68200.73,167.59,1.0859,0.3484,0.0,1.0,0.0
2024-03-08 19:02:45.953651,Plateau,None,68200.73,68200.73,168.94,1.0999,0.201,0.0,1.0,0.0
2024-03-08 19:02:47.261883,Plateau,None,68200.73,68200.73,170.25,1.129,-0.6345,0.6402,1.0,0.0
2024-03-08 19:02:48.601989,Plateau,None,68200.73,68200.73,171.59,1.1325,0.8748,0.0,1.0,0.0
2024-03-08 19:02:50.015687,Plateau,None,68200.73,68200.73,173.01,1.2466,1.1821,0.0,1.0,0.0
2024-03-08 19:02:51.380271,Plateau,None,68200.73,68200.73,174.37,0.5814,1.1476,0.0,1.0,0.0
2024-03-08 19:02:52.618824,Plateau,None,68200.73,68200.73,175.61,0.5974,1.0132,0.0,1.0,0.0
2024-03-08 19:02:53.886537,Plateau,None,68200.73,68200.73,176.88,-0.035,0.3119,0.0,1.0,0.0
2024-03-08 19:02:55.272818,Plateau,None,68200.73,68200.73,178.26,0.0123,-0.338,0.0,1.0,0.0
2024-03-08 19:02:56.558259,Plateau,None,68187.95,68199.27,179.55,-2.1505,-2.0831,0.0,1.0,0.0
2024-03-08 19:02:57.939799,Plateau,None,68187.95,68197.7,180.93,-0.5234,-0.4329,0.0,1.0,0.0
2024-03-08 19:02:59.222039,Plateau,None,68187.95,68196.24,182.21,-1.2419,-0.7666,0.0,1.0,0.0
2024-03-08 19:03:00.622572,Plateau,None,68187.95,68194.65,183.61,-1.2597,0.1923,0.8675,1.0,0.0
2024-03-08 19:03:01.977112,Plateau,None,68187.95,68193.11,184.97,0.0449,-0.058,0.0,1.0,0.0
2024-03-08 19:03:03.220725,Plateau,None,68187.95,68191.7,186.21,-0.0464,0.0154,0.0,1.0,0.0
2024-03-08 19:03:04.442534,Plateau,None,68187.95,68190.31,187.43,0.086,-0.464,0.0,1.0,0.0
2024-03-08 19:03:05.662946,Plateau,None,68187.95,68188.92,188.65,-0.7826,-1.2519,0.0,1.0,0.0
2024-03-08 19:03:06.991937,Plateau,None,68187.95,68187.95,189.98,0.611,-0.2974,0.0,1.0,0.0
2024-03-08 19:03:08.319217,Plateau,None,68187.95,68187.95,191.31,1.8397,0.4332,1.308,1.0,0.0
2024-03-08 19:03:09.532274,Plateau,None,68187.95,68187.95,192.52,0.1771,-0.3095,0.0,1.0,0.0
2024-03-08 19:03:10.807346,Plateau,None,68187.95,68187.95,193.8,0.74,0.0811,0.0,1.0,0.0
2024-03-08 19:03:12.206777,Plateau,None,68187.95,68187.95,195.2,1.2285,-0.0241,0.9807,1.0,0.0
2024-03-08 19:03:13.655946,Plateau,None,68187.95,68187.95,196.65,1.0946,0.0099,1.0091,1.0,0.0
2024-03-08 19:03:14.874179,Plateau,None,68187.95,68187.95,197.86,1.1645,-0.0065,0.9945,1.0,0.0
2024-03-08 19:03:16.230025,Plateau,None,68187.95,68187.95,199.22,0.7185,0.0081,0.0,1.0,0.0
2024-03-08 19:03:17.519899,Plateau,None,68187.95,68187.95,200.51,0.0803,-0.069,0.0,1.0,0.0
2024-03-08 19:03:18.853200,Plateau,None,68187.95,68187.95,201.84,-0.0125,0.2515,0.0,1.0,0.0
2024-03-08 19:03:20.085945,Plateau,None,68187.95,68187.95,203.08,0.0832,1.3011,-0.0684,1.0,0.0
2024-03-08 19:03:21.390384,Plateau,None,68187.95,68187.95,204.38,-0.3826,1.0867,0.2603,1.0,0.0
2024-03-08 19:03:22.753053,Plateau,None,68187.95,68187.95,205.74,0.1788,1.1452,0.0,1.0,0.0
2024-03-08 19:03:24.022267,Plateau,None,68187.95,68187.95,207.01,0.2891,1.1347,0.0,1.0,0.0
2024-03-08 19:03:25.343995,Plateau,None,68187.95,68187.95,208.33,-1.0177,1.1432,0.4709,1.0,0.0
2024-03-08 19:03:26.579993,Plateau,None,68187.95,68187.95,209.57,-1.1998,1.133,0.5143,1.0,0.0
2024-03-08 19:03:27.998872,Plateau,None,68187.95,68187.95,210.99,-1.122,1.1416,0.4956,1.0,0.0
2024-03-08 19:03:29.396451,Plateau,None,68187.95,68187.95,212.39,-1.1102,1.0531,0.5131,1.0,0.0
2024-03-08 19:03:30.650979,Plateau,None,68187.95,68187.95,213.64,-1.1669,0.5273,0.6887,1.0,0.0
2024-03-08 19:03:32.075080,Plateau,None,68187.95,68187.95,215.07,-1.1099,-0.0993,1.0982,1.0,0.0
2024-03-08 19:03:33.472636,Plateau,None,68187.95,68187.95,216.46,-1.1886,0.0163,0.9864,1.0,0.0
2024-03-08 19:03:34.704801,Plateau,None,68187.95,68187.95,217.7,-1.0629,-0.0068,1.0063,1.0,0.0
2024-03-08 19:03:35.972162,Plateau,None,68187.95,68187.95,218.96,0.2775,0.0019,0.0,1.0,0.0
2024-03-08 19:03:37.238923,Plateau,None,68187.95,68187.95,220.23,1.2824,-0.0006,0.9995,1.0,0.0
2024-03-08 19:03:38.589735,Plateau,None,68184.76,68186.41,221.58,-1.0825,-2.2236,-0.9487,1.0,0.0
2024-03-08 19:03:39.932531,Plateau,None,68184.76,68184.89,222.92,0.6104,-0.5149,0.5424,1.0,0.0
2024-03-08 19:03:41.215533,Plateau,None,68177.96,68183.43,224.21,-0.1876,-1.3021,-0.1684,1.0,0.0
2024-03-08 19:03:42.701031,Plateau,None,68175.88,68181.74,225.69,-0.3951,-1.0846,0.0,1.0,0.0
2024-03-08 19:03:43.930919,Plateau,None,68175.78,68180.35,226.92,-0.6523,-1.1353,0.0,1.0,0.0
2024-03-08 19:03:45.359489,Plateau,None,68175.76,68178.72,228.35,-1.0938,-1.1225,0.0,1.0,0.0
2024-03-08 19:03:46.891543,Plateau,None,68176.54,68177.39,229.88,0.3485,-0.6224,0.0,1.0,0.0
2024-03-08 19:03:48.161917,Plateau,None,68183.29,68178.83,231.15,3.8778,2.6854,3.252,1.0,0.0
2024-03-08 19:03:49.391258,Plateau,None,68183.44,68180.23,232.38,1.2674,0.2091,1.1976,1.0,0.0
2024-03-08 19:03:50.607450,Plateau,None,68182.41,68181.61,233.6,2.5287,1.3911,2.2227,1.0,0.0
2024-03-08 19:03:51.862116,Plateau,None,68182.41,68182.41,234.85,1.2737,0.0912,1.0771,1.0,0.0
2024-03-08 19:03:53.249324,Plateau,None,68182.41,68182.41,236.24,0.8443,-0.2599,0.7646,1.0,0.0
2024-03-08 19:03:54.517173,Plateau,None,68182.41,68182.41,237.51,1.4069,0.2912,1.2609,1.0,0.0
2024-03-08 19:03:55.981974,Plateau,None,68182.41,68182.41,238.97,1.0169,-0.0586,0.9455,1.0,0.0
2024-03-08 19:03:57.374759,Plateau,None,68187.95,68183.99,240.37,3.357,2.1755,2.8413,1.0,0.0
2024-03-08 19:03:58.605532,Plateau,None,68187.95,68185.39,241.6,1.7479,0.628,1.5607,1.0,0.0
2024-03-08 19:03:59.858605,Plateau,None,68184.91,68184.91,242.85,-0.4954,-1.8378,-0.369,1.0,0.0
2024-03-08 19:04:01.153015,Plateau,None,68184.94,68184.94,244.14,2.3247,1.7248,0.0,1.0,0.0
2024-03-08 19:04:02.418250,Plateau,None,68184.94,68184.94,245.41,0.6459,0.8304,0.0,1.0,0.0
2024-03-08 19:04:03.678819,Plateau,None,68184.94,68184.94,246.67,0.0575,1.2276,-0.0492,1.0,0.0
2024-03-08 19:04:05.076032,Plateau,None,68187.95,68186.53,248.07,3.2862,3.3569,0.0,1.0,0.0
2024-03-08 19:04:06.349441,Plateau,None,68183.0,68185.08,249.34,-2.6647,-2.5849,0.0,1.0,0.0
2024-03-08 19:04:07.598995,Plateau,None,68182.44,68183.66,250.59,0.225,1.2572,-0.218,1.0,0.0
2024-03-08 19:04:08.859629,Plateau,None,68182.43,68182.43,251.85,-1.3459,-0.0532,1.041,1.0,0.0
2024-03-08 19:04:10.104795,Plateau,None,68175.58,68181.01,253.1,-1.1857,-0.4527,0.0,1.0,0.0
2024-03-08 19:04:11.449706,Plateau,None,68177.98,68179.49,254.44,-1.7337,-2.3385,0.0,1.0,0.0
2024-03-08 19:04:12.833276,Plateau,None,68176.32,68178.07,255.82,-2.2576,-2.0003,0.0,1.0,0.0
2024-03-08 19:04:14.034126,Plateau,None,68177.92,68178.07,257.02,-0.3234,-0.3582,0.0,1.0,0.0
2024-03-08 19:04:15.353114,Plateau,None,68178.35,68178.35,258.34,-1.1733,-0.584,0.0,1.0,0.0
2024-03-08 19:04:16.672938,Plateau,None,68178.17,68178.17,259.66,-1.7678,-0.3072,1.2102,1.0,0.0
2024-03-08 19:04:18.202136,Plateau,None,68180.32,68179.62,261.19,2.8036,2.2856,0.0,1.0,0.0
2024-03-08 19:04:19.516160,Plateau,None,68192.35,68181.12,262.51,1.378,0.5593,0.0,1.0,0.0
2024-03-08 19:04:20.801396,Plateau,None,68195.42,68182.58,263.79,1.8679,-0.1833,0.9106,1.0,0.0
2024-03-08 19:04:22.061738,Plateau,None,68205.22,68184.01,265.05,0.8764,0.042,0.0,1.0,0.0
2024-03-08 19:04:23.365965,Plateau,None,68206.22,68185.49,266.36,0.5061,1.7693,-0.4007,1.0,0.0
2024-03-08 19:04:24.776617,Plateau,None,68194.7,68187.09,267.77,2.0229,0.9534,1.8915,1.0,0.0
2024-03-08 19:04:26.160925,Plateau,None,68193.44,68188.67,269.15,2.2479,1.2429,2.2368,1.0,0.0
2024-03-08 19:04:27.781454,Plateau,None,68193.03,68190.51,270.77,2.3985,-0.1008,0.9596,1.0,0.0
2024-03-08 19:04:29.446984,Plateau,None,68193.7,68192.4,272.44,1.8271,2.0278,0.0,1.0,0.0
2024-03-08 19:04:30.735596,Plateau,None,68194.16,68193.83,273.73,1.0198,2.204,-0.8613,1.0,0.0
2024-03-08 19:04:32.005274,Plateau,None,68191.04,68192.44,275.0,-3.3501,-2.1231,2.7303,1.0,0.0
2024-03-08 19:04:33.417991,Plateau,None,68191.04,68191.64,276.41,1.5926,2.3926,0.0,1.0,0.0
2024-03-08 19:04:34.833503,Plateau,None,68179.01,68190.03,277.82,-2.3116,-1.1697,2.0242,1.0,0.0
2024-03-08 19:04:36.099150,Plateau,None,68177.21,68188.59,279.09,0.621,0.2346,0.0,1.0,0.0
2024-03-08 19:04:37.632786,Plateau,None,68181.38,68186.85,280.62,-0.269,-1.4696,-0.2241,1.0,0.0
2024-03-08 19:04:39.284665,Plateau,None,68178.92,68184.97,282.28,0.0298,-1.0306,0.0281,1.0,0.0
2024-03-08 19:04:40.610282,Plateau,None,68181.05,68183.47,283.6,-0.6458,-1.5777,0.0,1.0,0.0
2024-03-08 19:04:41.882531,Plateau,None,68180.72,68182.02,284.87,-1.261,-2.3938,-1.1132,1.0,0.0
2024-03-08 19:04:43.124020,Plateau,None,68179.54,68180.61,286.11,-1.1815,-2.2416,-1.1145,1.0,0.0
2024-03-08 19:04:44.420301,Plateau,None,68178.0,68179.14,287.41,-1.0864,-2.2342,-0.9465,1.0,0.0
2024-03-08 19:04:45.693967,Plateau,None,68180.19,68179.82,288.68,1.9783,0.9298,1.8868,1.0,0.0
2024-03-08 19:04:46.997068,Plateau,None,68180.26,68180.26,289.99,-0.8202,-1.9749,-0.7104,1.0,0.0
2024-03-08 19:04:48.426498,Plateau,None,68179.28,68179.28,291.42,-1.2522,-2.3838,-1.1065,1.0,0.0
2024-03-08 19:04:49.996648,Plateau,None,68178.28,68178.28,292.99,0.007,-1.1715,0.006,1.0,0.0
2024-03-08 19:04:51.380758,Plateau,None,68177.09,68177.27,294.37,-1.0334,-2.1216,-0.9496,1.0,0.0
2024-03-08 19:04:52.927827,Plateau,None,68177.12,68177.12,295.92,0.6288,-0.6518,0.491,1.0,0.0
2024-03-08 19:04:54.305493,Plateau,None,68176.96,68176.96,297.3,-0.6425,-0.9782,0.0,1.0,0.0
2024-03-08 19:04:55.583283,Plateau,None,68175.38,68176.23,298.57,0.1141,0.5119,0.0,1.0,0.0
2024-03-08 19:04:57.288603,Plateau,None,68175.38,68175.38,300.28,1.0286,0.6671,0.0,1.0,0.0
2024-03-08 19:04:58.600479,Plateau,None,68175.38,68175.38,301.59,1.5897,1.6346,0.0,1.0,0.0
2024-03-08 19:04:59.917178,Plateau,None,68174.67,68174.67,302.91,-0.1074,-0.1332,0.0,1.0,0.0
2024-03-08 19:05:01.246345,Plateau,None,68174.67,68174.67,304.24,2.0866,2.0165,0.0,1.0,0.0
2024-03-08 19:05:02.608549,Plateau,None,68174.67,68174.67,305.6,0.7005,0.6911,0.0,1.0,0.0
2024-03-08 19:05:04.207106,Plateau,None,68179.04,68176.48,307.2,3.5684,3.5417,0.0,1.0,0.0
2024-03-08 19:05:05.871785,Plateau,None,68181.92,68178.37,308.86,1.3459,1.4537,0.0,1.0,0.0
2024-03-08 19:05:07.239451,Plateau,None,68181.92,68179.93,310.23,1.3219,2.7164,-0.948,1.0,0.0
2024-03-08 19:05:08.503552,Plateau,None,68178.91,68179.85,311.49,-1.1575,-0.9974,0.0,1.0,0.0
2024-03-08 19:05:09.967058,Plateau,None,68178.79,68178.85,312.96,-0.5647,-1.0462,0.0,1.0,0.0
2024-03-08 19:05:11.499472,Plateau,None,68178.55,68178.55,314.49,0.4147,1.1575,0.0,1.0,0.0
2024-03-08 19:05:12.813679,Plateau,None,68184.87,68180.04,315.8,2.0598,2.6219,0.0,1.0,0.0
2024-03-08 19:05:14.151640,Plateau,None,68188.71,68181.56,317.14,0.6396,1.3269,0.0,1.0,0.0
2024-03-08 19:05:15.432706,Plateau,None,68187.42,68183.01,318.42,1.3022,1.6781,0.0,1.0,0.0
2024-03-08 19:05:16.858519,Plateau,None,68188.42,68184.63,319.85,1.1082,1.0274,0.0,1.0,0.0
2024-03-08 19:05:18.193163,Plateau,None,68186.26,68185.43,321.18,0.1411,0.5138,0.0,1.0,0.0
2024-03-08 19:05:19.828856,Plateau,None,68187.17,68187.17,322.82,1.9188,2.5493,0.0,1.0,0.0
2024-03-08 19:05:21.179187,Plateau,None,68190.71,68188.38,324.17,0.4928,0.6526,0.0,1.0,0.0
2024-03-08 19:05:22.752217,Plateau,None,68197.29,68190.17,325.74,1.545,2.1289,0.0,1.0,0.0
2024-03-08 19:05:24.163377,Plateau,None,68205.24,68191.77,327.15,1.0097,1.0106,0.0,1.0,0.0
2024-03-08 19:05:25.738983,Plateau,None,68205.9,68193.56,328.73,1.0747,1.3177,0.0,1.0,0.0
2024-03-08 19:05:27.055727,Plateau,None,68205.66,68195.06,330.05,1.1342,-0.0634,0.9471,1.0,0.0
2024-03-08 19:05:28.311402,Plateau,None,68208.45,68196.48,331.3,1.0822,-0.0414,0.9632,1.0,0.0
2024-03-08 19:05:29.778758,Plateau,None,68208.45,68198.15,332.77,1.1136,-0.083,0.9307,1.0,0.0
2024-03-08 19:05:31.231150,Plateau,None,68208.45,68199.8,334.22,1.1994,0.8428,0.0,1.0,0.0
2024-03-08 19:05:32.484793,Plateau,None,68212.02,68201.23,335.48,1.0974,1.7071,0.0,1.0,0.0
2024-03-08 19:05:33.824819,Plateau,None,68212.19,68202.75,336.82,1.0839,1.8251,0.0,1.0,0.0
2024-03-08 19:05:35.096707,Plateau,None,68210.53,68204.2,338.09,1.1051,0.6728,0.0,1.0,0.0
2024-03-08 19:05:36.357845,Plateau,None,68210.87,68205.63,339.35,1.1342,-0.1895,0.8568,1.0,0.0
2024-03-08 19:05:37.866429,Plateau,None,68211.13,68207.34,340.86,2.2938,0.0649,1.0291,1.0,0.0
2024-03-08 19:05:39.141776,Plateau,None,68209.33,68208.35,342.13,1.6806,-0.7019,0.7054,1.0,0.0
2024-03-08 19:05:40.499553,Plateau,None,68210.39,68209.89,343.49,2.8629,0.8173,1.3995,1.0,0.0
2024-03-08 19:05:41.892005,Plateau,None,68211.04,68211.04,344.88,1.4206,-0.3891,0.785,1.0,0.0
2024-03-08 19:05:43.289793,Plateau,None,68212.8,68211.83,346.28,1.6437,-0.5486,0.7497,1.0,0.0
2024-03-08 19:05:44.564105,Plateau,None,68212.37,68212.37,347.55,1.5702,-0.5122,0.754,1.0,0.0
2024-03-08 19:05:45.927916,Plateau,None,68216.36,68213.92,348.92,2.9346,0.6925,1.3089,1.0,0.0
2024-03-08 19:05:47.284229,Plateau,None,68216.87,68215.15,350.27,-0.8743,-0.8511,0.0,1.0,0.0
2024-03-08 19:05:48.697158,Plateau,None,68217.19,68216.3,351.69,-0.104,-0.1492,0.0,1.0,0.0
2024-03-08 19:05:49.950629,Plateau,None,68217.86,68217.49,352.94,-0.109,-0.0928,0.0,1.0,0.0
2024-03-08 19:05:51.213495,Plateau,None,68216.3,68217.03,354.2,-2.216,-2.7729,0.0,1.0,0.0
2024-03-08 19:05:52.497511,Plateau,None,68217.61,68217.61,355.49,1.8535,0.805,1.7677,1.0,0.0
2024-03-08 19:05:53.900419,Plateau,None,68217.16,68217.16,356.89,-1.9266,-2.9919,-1.8084,1.0,0.0
2024-03-08 19:05:55.220373,Plateau,None,68217.68,68217.68,358.21,1.6485,0.519,1.4595,1.0,0.0
2024-03-08 19:05:56.477526,Plateau,None,68220.11,68219.06,359.47,0.0671,0.0409,0.0,1.0,0.0
2024-03-08 19:05:57.974193,Plateau,None,68217.31,68217.4,360.96,-4.7908,-4.7877,0.0,1.0,0.0
2024-03-08 19:05:59.257847,Plateau,None,68216.86,68217.4,362.25,2.5004,1.0461,1.7194,1.0,0.0
2024-03-08 19:06:00.569560,Plateau,None,68218.23,68218.23,363.56,0.1419,-0.9185,0.1338,1.0,0.0
2024-03-08 19:06:02.042992,Plateau,None,68216.67,68217.34,365.03,-2.004,-2.7781,0.0,1.0,0.0
2024-03-08 19:06:03.296343,Plateau,None,68217.47,68217.34,366.29,1.2777,0.2252,1.214,1.0,0.0
2024-03-08 19:06:04.575578,Plateau,None,68230.73,68218.8,367.57,0.3851,0.6139,0.0,1.0,0.0
2024-03-08 19:06:05.974049,Plateau,None,68229.37,68220.39,368.96,2.2119,0.079,1.037,1.0,0.0
2024-03-08 19:06:07.304154,Plateau,None,68228.61,68221.9,370.29,2.197,0.8656,1.6501,1.0,0.0
2024-03-08 19:06:08.567174,Plateau,None,68220.23,68220.46,371.56,-2.4681,-4.1828,-1.4394,1.0,0.0
2024-03-08 19:06:09.859511,Plateau,None,68217.99,68219.57,372.85,2.0965,-0.1444,0.9355,1.0,0.0
2024-03-08 19:06:11.096485,Plateau,None,68220.07,68220.07,374.09,1.9556,0.1024,1.0552,1.0,0.0
2024-03-08 19:06:12.362984,Plateau,None,68220.25,68220.25,375.35,0.7086,-1.5327,0.3161,1.0,0.0
2024-03-08 19:06:13.710808,Plateau,None,68229.64,68221.78,376.7,1.7774,2.0599,0.0,1.0,0.0
2024-03-08 19:06:14.940367,Plateau,None,68228.3,68223.18,377.93,0.3839,0.7108,0.0,1.0,0.0
2024-03-08 19:06:16.245740,Plateau,None,68227.95,68224.66,379.24,1.5346,1.0039,0.0,1.0,0.0
2024-03-08 19:06:17.545477,Plateau,None,68227.78,68226.14,380.54,-0.0184,1.4142,0.0127,1.0,0.0
2024-03-08 19:06:19.047051,Plateau,None,68227.62,68227.57,382.04,-0.4068,-0.5806,0.0,1.0,0.0
2024-03-08 19:06:20.417776,Plateau,None,68226.04,68226.05,383.41,-3.9031,-2.4721,2.7273,1.0,0.0
2024-03-08 19:06:21.674452,Plateau,None,68228.34,68227.45,384.66,2.8879,5.2852,-1.2048,1.0,0.0
2024-03-08 19:06:23.098087,Plateau,None,68228.38,68228.3,386.09,-2.6551,-2.1617,0.0,1.0,0.0
2024-03-08 19:06:24.445725,Plateau,None,68227.17,68227.61,387.44,-1.9974,-0.6762,1.5117,1.0,0.0
