2024-03-08 20:26:04.454145,Unknown,None,68181.0,68181.0,0.0,0.0,0.0,0.0,0.0,1.0,0.0
2024-03-08 20:26:05.660192,Unknown,None,68181.0,68181.0,1.2,0.0,0.0,0.0,0.0,1.0,0.0
2024-03-08 20:26:07.020439,Unknown,None,68182.55,68182.26,2.56,1.8493,0.6934,0.3683,0.0,1.0,0.0
2024-03-08 20:26:08.195162,Unknown,None,68181.7,68181.75,3.74,-0.5962,-0.9517,-1.7206,0.0,1.0,0.0
2024-03-08 20:26:09.354323,Unknown,None,68181.29,68181.29,4.89,1.7813,1.0827,1.0812,0.0,1.0,0.0
2024-03-08 20:26:10.437209,Unknown,None,68181.29,68181.29,5.98,1.6182,-0.273,0.3548,-0.0754,1.0,0.0
2024-03-08 20:26:11.655923,Unknown,None,68181.91,68181.91,7.2,2.3283,0.3736,0.7385,0.2913,1.0,0.0
2024-03-08 20:26:12.916302,Unknown,None,68182.4,68182.4,8.46,1.5034,-0.1324,-0.5636,-0.3273,1.0,0.0
2024-03-08 20:26:14.280621,Unknown,None,68181.62,68181.62,9.82,0.1228,-0.1035,-1.7664,-0.5065,1.0,0.0
2024-03-08 20:26:15.389927,Unknown,None,68182.63,68182.45,10.93,3.7186,0.5542,2.7755,1.6186,1.0,0.0
2024-03-08 20:26:16.508541,Unknown,None,68181.95,68181.99,12.05,-0.7668,-0.7106,-1.976,-2.015,1.0,0.0
2024-03-08 20:26:17.674843,Unknown,None,68185.7,68183.31,13.21,4.9381,0.97,2.5558,2.5184,1.0,0.0
2024-03-08 20:26:18.858497,Unknown,None,68184.15,68183.65,14.4,-0.1205,-0.7645,-0.9138,-2.1668,1.0,0.0
2024-03-08 20:26:20.288762,Unknown,None,68185.7,68184.96,15.83,3.964,0.7234,1.0672,1.7301,1.0,0.0
2024-03-08 20:26:21.698638,Unknown,None,68185.7,68185.7,17.24,1.0581,-0.3762,-0.5297,-1.014,1.0,0.0
2024-03-08 20:26:22.855100,Unknown,None,68185.7,68185.7,18.4,1.3466,0.1214,-0.9244,0.4695,1.0,0.0
2024-03-08 20:26:23.944314,Unknown,None,68189.07,68186.94,19.48,3.7763,0.2048,1.2292,0.7581,1.0,0.0
2024-03-08 20:26:25.258741,Unknown,None,68187.99,68187.99,20.8,1.1677,-0.2324,-0.7655,-1.3087,1.0,0.0
2024-03-08 20:26:26.381412,Unknown,None,68188.94,68188.74,21.92,2.3591,0.17,1.0698,0.8536,1.0,0.0
2024-03-08 20:26:27.662508,Unknown,None,68194.37,68190.2,23.2,3.0403,0.0144,0.6613,-0.0746,1.0,0.0
2024-03-08 20:26:28.828937,Unknown,None,68197.75,68191.52,24.37,2.3855,0.0099,-0.2555,-0.1738,1.0,0.0
2024-03-08 20:26:30.053839,Unknown,None,68198.23,68192.92,25.59,2.6854,0.0571,0.5733,0.2308,1.0,0.0
2024-03-08 20:26:31.167068,Unknown,None,68198.39,68194.18,26.71,2.5995,0.0243,0.4763,-0.0969,1.0,0.0
2024-03-08 20:26:32.397833,Unknown,None,68198.31,68195.58,27.94,2.6221,0.0278,0.0172,0.0386,1.0,0.0
2024-03-08 20:26:33.577155,Unknown,None,68198.11,68196.92,29.12,2.6156,0.0279,-0.0431,-0.0033,1.0,0.0
2024-03-08 20:26:34.748269,Unknown,None,68198.12,68197.68,30.29,1.6762,-0.0353,-0.9192,-0.2492,1.0,0.0
2024-03-08 20:26:36.062368,Plateau,None,68189.09,68196.18,31.6,-1.1062,-0.1391,-3.7295,-0.6357,1.0,0.0
2024-03-08 20:26:37.294334,Plateau,None,68188.51,68194.78,32.83,1.2136,0.0823,-1.4018,0.5019,1.0,0.0
2024-03-08 20:26:38.548780,Plateau,None,68188.39,68193.36,34.09,0.0964,-0.1182,-2.5201,-0.6695,1.0,0.0
2024-03-08 20:26:39.622788,Plateau,None,68190.17,68192.14,35.16,0.4001,-0.0104,-2.2245,0.1826,1.0,0.0
2024-03-08 20:26:40.861469,Plateau,None,68203.07,68193.55,36.4,4.84,0.1941,2.2472,0.8854,1.0,0.0
2024-03-08 20:26:42.030950,Waxing,None,68204.19,68194.87,30.37,-2.2756,-0.2095,1.3498,-0.9303,1.0,0.0
2024-03-08 20:26:43.184673,Plateau,None,68201.0,68196.19,30.26,4.4805,0.1772,2.4752,0.9949,1.0,0.0
2024-03-08 20:26:44.474096,Waxing,None,68199.97,68197.65,30.19,-1.7252,-0.0698,2.4237,-0.4682,1.0,0.0
2024-03-08 20:26:45.697795,Plateau,None,68200.69,68199.04,30.3,3.4838,0.0567,1.1037,0.2255,1.0,0.0
2024-03-08 20:26:46.806741,Waxing,None,68202.12,68200.15,30.29,-1.3709,-0.0126,-0.6555,-0.1711,1.0,0.0
2024-03-08 20:26:47.932668,Plateau,None,68204.79,68201.43,30.25,1.653,0.0503,0.3134,0.1863,1.0,0.0
2024-03-08 20:26:49.175557,Plateau,None,68204.0,68202.84,31.5,1.339,-0.0105,-0.136,-0.1563,1.0,0.0
2024-03-08 20:26:50.297162,Plateau,None,68204.18,68203.25,32.62,0.0334,-0.0532,-1.4033,-0.3081,1.0,0.0
2024-03-08 20:26:51.460961,Plateau,None,68203.59,68203.59,33.78,0.9136,0.0482,-0.5627,0.267,1.0,0.0
2024-03-08 20:26:52.619726,Plateau,None,68203.52,68203.52,34.94,-0.1184,-0.0757,-1.488,-0.4747,1.0,0.0
2024-03-08 20:26:53.708837,Plateau,None,68203.91,68203.91,36.03,1.2214,0.0677,-0.0691,0.3588,1.0,0.0
2024-03-08 20:26:54.930230,Plateau,None,68207.93,68205.3,37.25,1.9041,0.0129,0.4301,-0.0207,1.0,0.0
2024-03-08 20:26:56.051158,Plateau,None,68207.5,68206.22,38.37,0.5159,-0.0431,-1.0529,-0.2039,1.0,0.0
2024-03-08 20:26:57.270288,Plateau,None,68207.94,68206.91,39.59,0.9191,0.0334,0.0862,0.2145,1.0,0.0
2024-03-08 20:26:58.521631,Plateau,None,68207.0,68207.0,40.84,-0.0135,-0.0517,-0.6314,-0.2993,1.0,0.0
2024-03-08 20:26:59.613786,Plateau,None,68207.0,68207.0,41.93,0.465,0.0126,-0.0567,0.0975,1.0,0.0
2024-03-08 20:27:00.927367,Plateau,None,68214.46,68208.49,43.25,2.5608,0.0703,2.3493,0.3088,1.0,0.0
2024-03-08 20:27:02.160128,Waxing,None,68212.32,68209.34,30.99,-1.4433,-0.1275,-1.0141,-0.6595,1.0,0.0
2024-03-08 20:27:03.463977,Plateau,None,68212.7,68210.64,31.06,1.045,0.1504,1.3701,0.8289,1.0,0.0
2024-03-08 20:27:05.130827,Waxing,None,68209.04,68209.48,31.55,-5.007,-0.2587,-2.6209,-1.3704,1.0,0.0
2024-03-08 20:27:06.213721,Plateau,None,68207.39,68208.36,30.15,0.8689,0.0574,-1.8746,0.4437,1.0,0.0
2024-03-08 20:27:07.380838,Plateau,None,68207.31,68207.7,31.31,1.2265,-0.0442,-0.9693,-0.2886,1.0,0.0
2024-03-08 20:27:08.513068,Plateau,None,68206.01,68206.56,32.45,-0.1771,-0.0977,-2.4234,-0.3091,1.0,0.0
2024-03-08 20:27:09.770451,Plateau,None,68206.0,68206.0,33.7,1.8941,0.0964,-0.564,0.6505,1.0,0.0
2024-03-08 20:27:10.884397,Plateau,None,68204.0,68204.73,34.82,-0.6331,-0.1724,-1.6662,-0.7873,1.0,0.0
2024-03-08 20:27:12.058328,Plateau,None,68206.89,68206.07,35.99,5.2185,0.3109,4.9552,1.6326,1.0,0.0
2024-03-08 20:27:13.520711,Waxing,None,68220.63,68207.73,30.33,-1.6337,-0.3443,0.3614,-1.9097,1.0,0.0
2024-03-08 20:27:15.095703,Plateau,None,68220.28,68209.52,30.62,0.2488,0.226,1.8095,1.4186,1.0,0.0
2024-03-08 20:27:16.455186,Waxing,None,68220.7,68211.07,30.75,0.0667,-0.0524,2.4509,-0.4683,1.0,0.0
2024-03-08 20:27:17.615652,Plateau,None,68220.45,68212.39,30.8,0.4124,0.0545,-0.2128,0.2419,1.0,0.0
2024-03-08 20:27:18.734804,Plateau,None,68220.44,68213.66,31.92,0.382,0.0155,-0.142,-0.0925,1.0,0.0
2024-03-08 20:27:20.189762,Plateau,None,68220.68,68215.31,33.38,0.3906,0.0159,0.103,0.0413,1.0,0.0
2024-03-08 20:27:21.316148,Plateau,None,68220.37,68216.59,34.5,0.3887,0.0282,-0.0295,-0.0181,1.0,0.0
2024-03-08 20:27:22.579038,Plateau,None,68220.83,68218.03,35.77,0.3888,0.0122,-0.0059,0.0019,1.0,0.0
2024-03-08 20:27:23.902105,Plateau,None,68224.77,68219.53,37.09,0.3885,0.0179,0.0054,0.0012,1.0,0.0
2024-03-08 20:27:25.356844,Plateau,None,68224.98,68221.19,38.55,0.3898,0.0123,-0.0013,0.0001,1.0,0.0
2024-03-08 20:27:26.657111,Plateau,None,68225.0,68222.67,39.85,0.389,0.0168,0.0006,-0.0001,1.0,0.0
2024-03-08 20:27:27.942835,Plateau,None,68225.09,68223.83,41.13,-0.0467,-0.0061,-0.4369,-0.0926,1.0,0.0
2024-03-08 20:27:29.164282,Plateau,None,68225.12,68224.57,42.35,-0.3054,-0.0016,-0.6966,-0.059,1.0,0.0
2024-03-08 20:27:30.377756,Plateau,None,68225.73,68225.73,43.57,0.6664,0.0427,0.276,0.154,1.0,0.0
2024-03-08 20:27:31.822782,Plateau,None,68227.23,68226.61,45.01,-0.7656,-0.0566,-1.1568,-0.323,1.0,0.0
2024-03-08 20:27:33.256744,Plateau,None,68225.73,68226.0,46.44,-1.8597,-0.0268,-2.2426,-0.1147,1.0,0.0
2024-03-08 20:27:34.399535,Plateau,None,68226.64,68226.64,47.59,0.9855,0.079,0.5966,0.3945,1.0,0.0
2024-03-08 20:27:35.757014,Plateau,None,68227.42,68227.28,48.95,-1.0776,-0.0941,-1.4771,-0.5536,1.0,0.0
2024-03-08 20:27:37.064120,Plateau,None,68228.61,68228.15,50.25,0.3105,0.0664,0.0652,0.3579,1.0,0.0
2024-03-08 20:27:38.226320,Plateau,None,68231.31,68229.47,51.41,0.652,0.0051,0.7439,-0.0172,1.0,0.0
2024-03-08 20:27:39.395461,Plateau,None,68238.19,68230.8,52.58,0.1895,0.0006,0.3111,0.0038,1.0,0.0
2024-03-08 20:27:40.694463,Plateau,None,68242.09,68232.28,53.88,0.4471,0.0203,0.1703,0.0933,1.0,0.0
2024-03-08 20:27:41.841424,Plateau,None,68238.27,68233.58,55.03,0.3791,0.008,0.2841,0.0254,1.0,0.0
2024-03-08 20:27:43.036834,Plateau,None,68234.38,68234.32,56.23,-0.6171,-0.0247,0.2797,-0.1226,1.0,0.0
2024-03-08 20:27:44.248960,Plateau,None,68236.66,68235.7,57.44,1.1598,0.0634,2.4104,0.3029,1.0,0.0
2024-03-08 20:27:45.587329,Waxing,None,68241.55,68237.22,30.49,-0.3963,-0.089,-0.3582,-0.632,1.0,0.0
2024-03-08 20:27:47.116303,Plateau,None,68239.16,68238.34,30.66,-0.693,0.0223,-0.8094,0.2466,1.0,0.0
2024-03-08 20:27:48.289992,Plateau,None,68234.73,68237.0,31.83,-3.6152,-0.1933,-3.1979,-0.8558,1.0,0.0
2024-03-08 20:27:49.602940,Plateau,None,68243.97,68238.5,33.14,3.1443,0.3564,3.506,1.8476,1.0,0.0
2024-03-08 20:27:50.714494,Waxing,None,68241.39,68239.57,30.52,-1.5774,-0.305,-1.5422,-1.9522,1.0,0.0
2024-03-08 20:27:51.876320,Plateau,None,68241.03,68240.34,30.56,-0.2791,0.1766,-0.4589,1.3961,1.0,0.0
2024-03-08 20:27:53.207291,Plateau,None,68242.18,68241.85,31.89,0.5278,-0.0219,1.639,-0.3009,1.0,0.0
2024-03-08 20:27:54.552493,Waxing,None,68241.16,68241.8,30.65,-2.4816,-0.1485,-1.7042,-0.8833,1.0,0.0
2024-03-08 20:27:56.222226,Plateau,None,68238.41,68239.9,30.86,-2.5023,0.035,-2.3741,0.4902,1.0,0.0
2024-03-08 20:27:57.557748,Plateau,None,68238.97,68238.97,32.2,-1.1201,-0.0112,-0.5498,0.0052,1.0,0.0
2024-03-08 20:27:59.075596,Plateau,None,68245.38,68240.7,33.71,1.4409,0.1021,1.2995,0.4939,1.0,0.0
2024-03-08 20:28:00.287567,Waxing,None,68246.17,68242.07,31.12,-0.262,-0.0876,0.6785,-0.4062,1.0,0.0
2024-03-08 20:28:01.524346,Plateau,None,68243.88,68242.72,31.14,-1.991,0.018,1.3701,0.2781,1.0,0.0
2024-03-08 20:28:02.987874,Waxing,None,68241.49,68241.85,31.16,0.1187,-0.1001,-0.4723,-0.567,1.0,0.0
2024-03-08 20:28:04.279805,Plateau,None,68238.0,68240.38,31.02,-1.7844,-0.024,-2.2071,-0.0155,1.0,0.0
2024-03-08 20:28:05.552610,Plateau,None,68238.0,68238.93,32.29,-1.6673,-0.0484,-2.3842,-0.1709,1.0,0.0
2024-03-08 20:28:07.048724,Plateau,None,68238.64,68238.64,33.79,0.0231,0.0565,-0.1889,0.355,1.0,0.0
2024-03-08 20:28:08.260558,Plateau,None,68238.0,68238.0,35.0,-1.8785,-0.1177,-1.4483,-0.4498,1.0,0.0
2024-03-08 20:28:09.383741,Plateau,None,68238.0,68238.0,36.12,0.0549,0.0934,1.3194,0.7044,1.0,0.0
2024-03-08 20:28:10.554258,Waxing,None,68238.67,68238.67,31.15,0.0054,-0.0345,2.0611,-0.2806,1.0,0.0
2024-03-08 20:28:11.837419,Plateau,None,68228.1,68237.21,31.14,-4.9105,-0.2073,-2.496,-0.9623,1.0,0.0
2024-03-08 20:28:12.880965,Plateau,None,68234.18,68236.02,32.18,-2.2046,0.0994,-0.276,0.7027,1.0,0.0
2024-03-08 20:28:14.000905,Plateau,None,68234.18,68234.8,33.3,-3.196,-0.141,-0.8064,-0.7308,1.0,0.0
2024-03-08 20:28:15.179027,Plateau,None,68234.18,68234.18,34.48,-1.8144,0.0758,0.4925,0.6095,1.0,0.0
2024-03-08 20:28:16.393133,Plateau,None,68230.17,68232.8,35.69,-3.9311,-0.1557,-2.5087,-0.7505,1.0,0.0
2024-03-08 20:28:17.529273,Plateau,None,68230.19,68231.77,36.83,-2.1871,0.073,-0.8336,0.7227,1.0,0.0
2024-03-08 20:28:18.683552,Plateau,None,68231.83,68231.77,37.98,-1.2725,0.0009,1.8484,0.0375,1.0,0.0
2024-03-08 20:28:20.021474,Waxing,None,68232.01,68232.01,30.41,-1.7311,-0.0349,0.6421,-0.1707,1.0,0.0
2024-03-08 20:28:21.179967,Plateau,None,68231.89,68231.89,30.46,-0.1617,0.012,0.345,0.1586,1.0,0.0
2024-03-08 20:28:22.291998,Plateau,None,68231.43,68231.43,31.57,-0.3896,-0.0163,0.7168,-0.0778,1.0,0.0
2024-03-08 20:28:23.570386,Plateau,None,68217.61,68229.98,32.85,-1.5484,-0.0659,-0.8163,-0.2978,1.0,0.0
2024-03-08 20:28:24.788624,Plateau,None,68226.85,68228.65,34.07,-0.5197,0.036,-0.6692,0.2241,1.0,0.0
2024-03-08 20:28:26.079905,Plateau,None,68224.83,68227.18,35.36,-1.1531,-0.0616,-1.546,-0.3341,1.0,0.0
2024-03-08 20:28:27.197852,Plateau,None,68231.98,68228.45,36.48,3.2957,0.2306,3.0645,1.2864,1.0,0.0
2024-03-08 20:28:28.781734,Waxing,None,68231.72,68230.25,31.22,-1.4309,-0.2733,0.4997,-1.5335,1.0,0.0
2024-03-08 20:28:30.141050,Plateau,None,68228.45,68228.93,31.06,-3.7152,-0.0118,-1.4983,0.1979,1.0,0.0
2024-03-08 20:28:31.432368,Plateau,None,68230.28,68230.01,32.35,2.1558,0.2602,4.8869,1.1595,1.0,0.0
2024-03-08 20:28:32.611240,Waxing,None,68228.17,68228.76,31.08,-3.6037,-0.403,-4.6651,-2.1167,1.0,0.0
2024-03-08 20:28:33.810501,Plateau,None,68227.86,68227.9,30.82,1.5265,0.3488,-0.7769,1.943,1.0,0.0
2024-03-08 20:28:35.051160,Plateau,None,68226.72,68226.72,32.06,-1.1342,-0.2513,-1.6694,-1.549,1.0,0.0
2024-03-08 20:28:36.381790,Plateau,None,68226.72,68226.72,33.39,1.825,0.2136,2.3114,1.3342,1.0,0.0
2024-03-08 20:28:37.523824,Waxing,None,68226.51,68226.51,30.47,-0.4033,-0.1378,-0.8416,-0.8629,1.0,0.0
2024-03-08 20:28:38.647179,Plateau,None,68229.36,68227.45,30.38,3.368,0.2326,3.1814,1.1848,1.0,0.0
2024-03-08 20:28:40.050364,Waxing,None,68230.13,68229.04,30.66,-1.4266,-0.1259,1.6347,-0.8398,1.0,0.0
2024-03-08 20:28:41.283879,Plateau,None,68229.42,68229.04,30.72,0.2493,-0.0112,-0.6494,-0.0196,1.0,0.0
2024-03-08 20:28:42.446649,Plateau,None,68228.06,68228.51,31.89,0.9056,0.0312,-0.4501,0.0696,1.0,0.0
2024-03-08 20:28:43.844168,Plateau,None,68228.1,68228.1,33.28,1.2108,0.0002,0.1428,-0.0962,1.0,0.0
2024-03-08 20:28:45.112574,Plateau,None,68227.8,68227.8,34.55,0.939,-0.0039,-1.313,-0.1089,1.0,0.0
2024-03-08 20:28:46.263373,Plateau,None,68228.09,68228.09,35.7,1.9035,0.0583,-0.6357,0.2743,1.0,0.0
2024-03-08 20:28:47.359745,Plateau,None,68228.31,68228.31,36.8,1.1564,-0.0266,-0.7124,-0.1953,1.0,0.0
2024-03-08 20:28:48.444796,Plateau,None,68225.98,68227.35,37.89,-0.5518,-0.0715,-1.5669,-0.3113,1.0,0.0
2024-03-08 20:28:49.533101,Plateau,None,68225.98,68226.73,38.97,1.5076,0.0961,0.7606,0.4989,1.0,0.0
2024-03-08 20:28:50.923642,Plateau,None,68227.13,68227.13,40.36,1.996,-0.0201,1.0623,-0.2289,1.0,0.0
2024-03-08 20:28:52.065415,Waxing,None,68225.92,68226.15,30.88,-2.4642,-0.1405,-2.4951,-0.5801,1.0,0.0
2024-03-08 20:28:53.375023,Plateau,None,68225.92,68225.92,31.08,2.7993,0.2104,1.3668,1.0746,1.0,0.0
2024-03-08 20:28:54.481808,Waxing,None,68217.02,68224.66,30.91,-2.4977,-0.2571,-1.3737,-1.2517,1.0,0.0
2024-03-08 20:28:55.791982,Plateau,None,68205.83,68223.17,31.0,2.5512,0.1778,-0.5863,1.0996,1.0,0.0
2024-03-08 20:28:56.872517,Plateau,None,68205.83,68221.94,32.08,1.6612,-0.112,-1.6158,-0.644,1.0,0.0
2024-03-08 20:28:58.053401,Plateau,None,68205.83,68220.6,33.26,1.8561,0.0247,-0.0612,0.2911,1.0,0.0
2024-03-08 20:28:59.148365,Plateau,None,68205.83,68219.35,34.35,1.7953,-0.0376,-0.9232,-0.1695,1.0,0.0
2024-03-08 20:29:00.319140,Plateau,None,68205.83,68218.02,35.53,1.8118,-0.0107,-0.788,0.0471,1.0,0.0
2024-03-08 20:29:01.560711,Plateau,None,68205.83,68216.61,36.77,1.8071,-0.0183,0.213,0.0008,1.0,0.0
2024-03-08 20:29:02.705594,Plateau,None,68205.83,68215.31,37.91,1.809,-0.0176,-0.0334,-0.0091,1.0,0.0
2024-03-08 20:29:03.804784,Plateau,None,68205.83,68214.06,39.01,1.8065,-0.0164,-0.0138,0.0006,1.0,0.0
2024-03-08 20:29:04.933398,Plateau,None,68205.83,68212.77,40.14,1.8103,-0.0142,0.0094,0.0005,1.0,0.0
2024-03-08 20:29:06.195952,Plateau,None,68205.83,68211.34,41.4,1.8113,-0.0114,-0.0036,-0.0001,1.0,0.0
2024-03-08 20:29:07.350204,Plateau,None,68205.83,68210.03,42.56,1.807,-0.015,0.0012,-0.0004,1.0,0.0
2024-03-08 20:29:08.473408,Plateau,None,68208.74,68208.89,43.68,2.0423,-0.0014,0.2342,0.0499,1.0,0.0
2024-03-08 20:29:09.596785,Plateau,None,68208.74,68208.74,44.8,3.5622,0.0584,1.7551,0.3244,1.0,0.0
2024-03-08 20:29:10.775442,Waxing,None,68208.74,68208.74,30.72,-0.8832,-0.0551,0.7818,-0.3134,1.0,0.0
2024-03-08 20:29:11.873625,Plateau,None,68208.74,68208.74,30.58,0.672,0.0631,1.1849,0.3395,1.0,0.0
2024-03-08 20:29:13.195133,Waxing,None,68208.74,68208.74,30.74,0.0747,-0.0089,1.1352,-0.133,1.0,0.0
2024-03-08 20:29:14.351228,Plateau,None,68208.74,68208.74,30.5,0.5613,0.0307,0.8017,0.0665,1.0,0.0
2024-03-08 20:29:15.499928,Plateau,None,68208.74,68208.74,31.65,0.5568,0.0149,-0.0083,-0.0192,1.0,0.0
2024-03-08 20:29:16.867958,Plateau,None,68208.74,68208.74,33.02,0.5589,0.0131,0.0141,0.0114,1.0,0.0
2024-03-08 20:29:18.149074,Plateau,None,68213.79,68210.2,34.3,2.7149,0.1235,2.1549,0.5303,1.0,0.0
2024-03-08 20:29:19.538839,Waxing,None,68215.03,68211.78,31.09,2.3683,-0.0617,0.5012,-0.5011,1.0,0.0
2024-03-08 20:29:20.847171,Plateau,None,68234.0,68213.26,29.92,3.2133,0.1206,1.2596,0.4661,1.0,0.0
2024-03-08 20:29:21.938178,Plateau,None,68233.29,68214.5,31.01,3.0227,0.0378,1.3092,-0.1277,1.0,0.0
2024-03-08 20:29:23.050384,Waxing,None,68233.34,68215.77,30.98,0.3634,0.0513,0.5504,0.0968,1.0,0.0
2024-03-08 20:29:24.378823,Waxing,None,68239.26,68217.28,32.31,0.3492,0.0253,-0.2055,-0.0438,1.0,0.0
2024-03-08 20:29:25.605075,Plateau,None,68236.46,68218.67,31.12,2.2748,0.0494,0.0517,0.0239,1.0,0.0
2024-03-08 20:29:26.740102,Plateau,None,68235.83,68219.96,32.25,2.2736,0.0407,-0.0114,-0.0054,1.0,0.0
2024-03-08 20:29:27.978349,Plateau,None,68235.64,68221.37,33.49,2.2738,0.0308,0.0008,0.0013,1.0,0.0
2024-03-08 20:29:29.093341,Plateau,None,68248.88,68222.64,34.61,2.2742,0.0417,0.0009,-0.0004,1.0,0.0
2024-03-08 20:29:30.188572,Plateau,None,68248.96,68223.88,35.7,2.2736,0.0326,-0.0006,-0.0003,1.0,0.0
2024-03-08 20:29:31.311044,Plateau,None,68253.51,68225.16,36.82,2.2735,0.0313,0.0004,0.0,1.0,0.0
2024-03-08 20:29:32.450090,Plateau,None,68253.09,68226.46,37.96,2.2745,0.0294,0.0001,0.0001,1.0,0.0
2024-03-08 20:29:33.611823,Plateau,None,68252.85,68227.78,39.13,2.2741,0.0267,0.0001,-0.0002,1.0,0.0
2024-03-08 20:29:34.720962,Plateau,None,68250.0,68229.04,40.23,2.2743,0.0283,0.0001,0.0001,1.0,0.0
2024-03-08 20:29:35.818595,Plateau,None,68246.87,68230.29,41.33,2.2741,0.0251,0.0001,-0.0001,1.0,0.0
2024-03-08 20:29:36.943670,Plateau,None,68246.96,68231.57,42.46,2.2743,0.0231,0.0001,0.0,1.0,0.0
2024-03-08 20:29:38.043254,Plateau,None,68245.65,68232.82,43.56,2.2738,0.0237,0.0001,-0.0001,1.0,0.0
2024-03-08 20:29:39.172757,Plateau,None,68245.76,68234.1,44.69,2.2738,0.0202,0.0001,0.0,1.0,0.0
2024-03-08 20:29:40.483521,Plateau,None,68249.04,68235.59,46.0,2.2745,0.015,0.0001,0.0001,1.0,0.0
2024-03-08 20:29:41.900749,Plateau,None,68248.84,68237.2,47.41,2.2742,0.0157,0.0001,-0.0001,1.0,0.0
2024-03-08 20:29:43.151748,Plateau,None,68255.06,68238.63,48.67,2.2742,0.0185,0.0001,0.0,1.0,0.0
2024-03-08 20:29:44.406776,Plateau,None,68257.05,68240.05,49.92,2.2758,0.0145,0.0001,0.0002,1.0,0.0
2024-03-08 20:29:45.495909,Plateau,None,68257.05,68241.29,51.01,2.2745,0.0196,0.0001,-0.0002,1.0,0.0
2024-03-08 20:29:46.657330,Plateau,None,68257.05,68242.61,52.17,2.2747,0.0131,0.0001,0.0001,1.0,0.0
2024-03-08 20:29:47.725401,Plateau,None,68257.05,68243.83,53.24,2.2749,0.0182,0.0002,0.0,1.0,0.0
2024-03-08 20:29:48.852251,Plateau,None,68257.05,68245.11,54.37,2.2746,0.0128,0.0002,-0.0001,1.0,0.0
2024-03-08 20:29:49.954080,Plateau,None,68257.05,68246.36,55.47,2.2755,0.0154,0.0002,0.0001,1.0,0.0
2024-03-08 20:29:51.236768,Plateau,None,68260.28,68247.82,56.75,2.2747,0.0093,0.0002,-0.0002,1.0,0.0
2024-03-08 20:29:52.367647,Plateau,None,68259.81,68249.11,57.88,2.2739,0.0154,0.0002,-0.0001,1.0,0.0
2024-03-08 20:29:53.621493,Plateau,None,68259.67,68250.53,59.13,2.2743,0.0086,0.0002,0.0,1.0,0.0
2024-03-08 20:29:54.703273,Plateau,None,68253.03,68251.76,60.22,2.2751,0.0149,0.0002,0.0,1.0,0.0
2024-03-08 20:29:55.823178,Plateau,None,68253.03,68253.03,61.34,2.2603,0.0095,-0.0145,-0.0024,1.0,0.0
2024-03-08 20:29:56.935667,Plateau,None,68253.03,68253.03,62.45,0.1012,-0.0573,-2.1739,-0.339,1.0,0.0
2024-03-08 20:29:58.005678,Plateau,None,68253.03,68253.03,63.52,1.7185,0.0458,-0.5579,0.2209,1.0,0.0
2024-03-08 20:29:59.058300,Plateau,None,68253.03,68253.03,64.57,0.9782,-0.0406,-1.2947,-0.2453,1.0,0.0
2024-03-08 20:30:00.132733,Plateau,None,68249.82,68251.81,65.65,-1.0192,-0.0598,-3.2928,-0.2892,1.0,0.0
2024-03-08 20:30:01.602710,Plateau,None,68252.57,68252.43,67.12,4.0883,0.128,1.8139,0.6421,1.0,0.0
2024-03-08 20:30:02.906004,Waxing,None,68252.93,68252.93,30.45,-1.792,-0.2332,-0.4328,-1.1586,1.0,0.0
2024-03-08 20:30:03.981893,Plateau,None,68254.22,68253.61,30.37,-0.0438,0.1211,0.8923,0.8754,1.0,0.0
2024-03-08 20:30:05.282106,Plateau,None,68253.31,68253.31,31.67,-2.4854,-0.1879,-0.7926,-1.0428,1.0,0.0
2024-03-08 20:30:06.353836,Plateau,None,68252.19,68252.27,32.74,-2.2774,-0.0195,0.0646,0.2126,1.0,0.0
2024-03-08 20:30:07.481575,Plateau,None,68251.53,68251.53,33.86,-1.2537,-0.003,-0.6234,0.0268,1.0,0.0
2024-03-08 20:30:08.809670,Plateau,None,68251.03,68251.03,35.19,-1.5056,-0.047,-0.823,-0.1808,1.0,0.0
2024-03-08 20:30:09.873819,Plateau,None,68251.66,68251.65,36.26,0.1543,0.0593,0.9216,0.4608,1.0,0.0
2024-03-08 20:30:10.996552,Plateau,None,68262.95,68252.93,37.38,0.0556,-0.0147,0.4995,-0.0824,1.0,0.0
2024-03-08 20:30:12.127292,Plateau,None,68259.95,68254.21,38.51,-0.1844,0.0089,1.0324,0.1748,1.0,0.0
2024-03-08 20:30:13.340228,Waxing,None,68258.17,68255.59,30.18,0.0541,0.0265,1.7553,0.106,1.0,0.0
2024-03-08 20:30:14.439158,Waxing,None,68261.72,68256.84,31.28,-0.0122,0.0127,1.5326,0.0007,1.0,0.0
2024-03-08 20:30:15.672898,Waxing,None,68259.76,68257.94,32.52,-0.4902,-0.0129,0.1645,-0.1047,1.0,0.0
2024-03-08 20:30:16.773064,Plateau,None,68260.12,68258.77,30.11,-0.3642,0.0202,-0.4286,0.0281,1.0,0.0
2024-03-08 20:30:17.937827,Plateau,None,68260.23,68259.3,31.28,-0.952,-0.0345,-0.9378,-0.2155,1.0,0.0
2024-03-08 20:30:18.996985,Plateau,None,68260.22,68260.0,32.33,-0.1395,0.0483,-0.1284,0.228,1.0,0.0
2024-03-08 20:30:20.187015,Plateau,None,68258.95,68259.34,33.52,-3.056,-0.1703,-3.1007,-0.9319,1.0,0.0
2024-03-08 20:30:21.328234,Plateau,None,68258.84,68258.84,34.67,-0.7744,0.1065,-0.6629,0.6181,1.0,0.0
2024-03-08 20:30:22.604899,Plateau,None,68257.92,68258.11,35.94,-2.1184,-0.1222,-1.8197,-0.6666,1.0,0.0
2024-03-08 20:30:23.845942,Plateau,None,68257.92,68257.92,37.18,-0.7685,0.0607,-0.348,0.4536,1.0,0.0
2024-03-08 20:30:25.012982,Plateau,None,68257.92,68257.92,38.35,-1.2444,-0.0491,-0.4792,-0.2487,1.0,0.0
2024-03-08 20:30:26.259051,Plateau,None,68257.92,68257.92,39.6,-1.149,0.008,-0.849,0.1508,1.0,0.0
2024-03-08 20:30:27.348992,Plateau,None,68257.92,68257.92,40.69,-1.1349,-0.0154,0.334,-0.0098,1.0,0.0
2024-03-08 20:30:28.445004,Plateau,None,68257.92,68257.92,41.78,-1.1388,-0.0075,0.6938,0.0378,1.0,0.0
2024-03-08 20:30:29.569712,Plateau,None,68254.08,68256.64,42.91,-3.3399,-0.1086,-1.8218,-0.4712,1.0,0.0
2024-03-08 20:30:30.687548,Plateau,None,68253.4,68255.37,44.03,-1.663,0.0463,0.1057,0.374,1.0,0.0
2024-03-08 20:30:31.757663,Plateau,None,68251.6,68254.15,45.1,-2.4336,-0.0812,-0.9792,-0.3884,1.0,0.0
2024-03-08 20:30:32.872700,Plateau,None,68251.6,68252.88,46.21,-2.2318,-0.0043,-1.0666,0.0876,1.0,0.0
2024-03-08 20:30:34.142706,Plateau,None,68251.95,68251.95,47.48,-1.4873,-0.0022,-0.356,0.0374,1.0,0.0
2024-03-08 20:30:35.244874,Plateau,None,68251.92,68251.92,48.58,-0.7606,0.0089,0.3672,0.14,1.0,0.0
2024-03-08 20:30:36.347997,Plateau,None,68252.04,68252.04,49.69,-1.1945,-0.019,-0.0038,-0.0385,1.0,0.0
2024-03-08 20:30:37.591661,Plateau,None,68251.56,68251.56,50.93,-1.9974,-0.0252,-1.0455,-0.048,1.0,0.0
2024-03-08 20:30:38.823322,Plateau,None,68251.56,68251.56,52.16,-0.5074,0.0386,1.1648,0.2577,1.0,0.0
2024-03-08 20:30:39.998436,Waxing,None,68257.92,68252.9,30.12,0.7675,0.0672,2.3486,0.2327,1.0,0.0
2024-03-08 20:30:41.076072,Waxing,None,68257.92,68254.12,31.2,-0.4676,-0.0284,0.5945,-0.2233,1.0,0.0
2024-03-08 20:30:42.256649,Plateau,None,68256.88,68255.47,30.12,0.2881,0.0838,1.3519,0.4001,1.0,0.0
2024-03-08 20:30:43.488402,Waxing,None,68255.99,68255.89,30.14,-1.7996,-0.0868,-0.0048,-0.5509,1.0,0.0
2024-03-08 20:30:44.647699,Plateau,None,68254.91,68255.23,30.2,-1.7069,-0.009,-1.3613,-0.0552,1.0,0.0
2024-03-08 20:30:46.240924,Plateau,None,68254.91,68254.91,31.8,-0.036,0.0666,-0.5752,0.2715,1.0,0.0
2024-03-08 20:30:47.331009,Plateau,None,68254.91,68254.91,32.89,-0.8132,-0.0332,-1.1809,-0.28,1.0,0.0
2024-03-08 20:30:48.604168,Plateau,None,68257.77,68256.36,34.16,1.5013,0.1371,1.0878,0.7487,1.0,0.0
2024-03-08 20:30:49.852937,Waxing,None,68258.63,68257.78,30.85,1.296,-0.0755,0.9906,-0.5303,1.0,0.0
2024-03-08 20:30:51.193056,Plateau,None,68258.62,68258.62,31.0,0.4713,0.0484,0.6034,0.2932,1.0,0.0
2024-03-08 20:30:52.357606,Plateau,None,68258.62,68258.62,32.17,-0.1891,-0.0342,-0.2252,-0.3151,1.0,0.0
2024-03-08 20:30:53.585536,Plateau,None,68258.62,68258.62,33.39,0.4177,0.0374,0.2455,0.1796,1.0,0.0
2024-03-08 20:30:54.684842,Plateau,None,68258.62,68258.62,34.49,0.0844,-0.0224,-1.1847,-0.2504,1.0,0.0
2024-03-08 20:30:55.875070,Plateau,None,68258.62,68258.62,35.68,0.1659,0.0118,-1.2692,0.0416,1.0,0.0
2024-03-08 20:30:56.958401,Plateau,None,68251.67,68257.39,36.77,-1.9961,-0.1202,-3.1478,-0.5775,1.0,0.0
2024-03-08 20:30:58.232061,Plateau,None,68251.7,68255.94,38.04,-0.2936,0.0832,-1.0188,0.5236,1.0,0.0
2024-03-08 20:30:59.439487,Plateau,None,68253.41,68254.82,39.25,-0.752,-0.0679,-0.9012,-0.3731,1.0,0.0
2024-03-08 20:31:00.773519,Plateau,None,68253.41,68254.06,40.58,-0.1447,0.0294,-0.2933,0.2554,1.0,0.0
2024-03-08 20:31:02.104679,Plateau,None,68251.56,68252.56,41.91,-1.6805,-0.079,-1.7804,-0.3481,1.0,0.0
2024-03-08 20:31:03.357079,Plateau,None,68253.04,68253.04,43.17,2.2169,0.1422,1.8918,0.7723,1.0,0.0
2024-03-08 20:31:04.996460,Waxing,None,68254.36,68254.19,30.85,0.2617,-0.1793,0.8077,-1.0281,1.0,0.0
2024-03-08 20:31:06.130722,Plateau,None,68254.25,68254.25,30.88,-0.9403,0.0207,0.0513,0.2958,1.0,0.0
2024-03-08 20:31:07.206273,Plateau,None,68254.11,68254.11,31.96,-0.6123,-0.0056,1.029,-0.0425,1.0,0.0
2024-03-08 20:31:08.392354,Waxing,None,68254.13,68254.13,30.8,1.3038,0.0123,0.4015,0.0526,1.0,0.0
2024-03-08 20:31:09.627257,Waxing,None,68251.93,68253.34,32.03,-0.2681,-0.0894,-2.2017,-0.4494,1.0,0.0
2024-03-08 20:31:10.754616,Plateau,None,68251.72,68252.63,30.75,-1.1572,0.0505,-0.8319,0.3459,1.0,0.0
2024-03-08 20:31:11.897196,Plateau,None,68251.56,68251.98,31.89,-1.5071,-0.0561,-0.6612,-0.2882,1.0,0.0
2024-03-08 20:31:13.218908,Plateau,None,68251.68,68251.68,33.22,-0.7766,0.0427,0.2895,0.2989,1.0,0.0
2024-03-08 20:31:14.322211,Plateau,None,68251.67,68251.67,34.32,-0.879,-0.0149,-0.1012,-0.0554,1.0,0.0
2024-03-08 20:31:15.550480,Plateau,None,68251.58,68251.58,35.55,-1.0982,-0.0045,0.1474,0.0241,1.0,0.0
2024-03-08 20:31:16.730993,Plateau,None,68236.1,68250.23,36.73,-2.9372,-0.0985,-1.279,-0.3869,1.0,0.0
2024-03-08 20:31:17.796455,Plateau,None,68235.94,68249.02,37.79,-1.5384,0.0412,-0.0442,0.3092,1.0,0.0
2024-03-08 20:31:18.967828,Plateau,None,68235.98,68247.69,38.96,-2.1813,-0.0734,-0.682,-0.3726,1.0,0.0
2024-03-08 20:31:20.125072,Plateau,None,68237.15,68246.37,40.12,-1.9894,-0.003,-0.763,0.1107,1.0,0.0
2024-03-08 20:31:21.413106,Plateau,None,68236.96,68244.91,41.41,-2.0381,-0.0272,-1.0496,-0.1028,1.0,0.0
2024-03-08 20:31:22.690470,Plateau,None,68235.95,68243.45,42.69,-2.0244,-0.0182,-1.2098,0.0023,1.0,0.0
2024-03-08 20:31:23.992391,Plateau,None,68235.86,68241.97,43.99,-2.0266,-0.0183,-0.9124,-0.0131,1.0,0.0
2024-03-08 20:31:25.108479,Plateau,None,68236.07,68240.7,45.1,-2.0273,-0.0228,0.0839,0.0114,1.0,0.0
2024-03-08 20:31:26.270414,Plateau,None,68235.81,68239.38,46.27,-2.0261,-0.0159,0.0205,-0.0042,1.0,0.0
2024-03-08 20:31:27.554410,Plateau,None,68247.07,68240.84,47.55,2.4628,0.1574,4.4793,0.8639,1.0,0.0
2024-03-08 20:31:28.808515,Waxing,None,68247.07,68242.27,30.57,1.589,-0.1665,1.0513,-0.9871,1.0,0.0
2024-03-08 20:31:30.011153,Plateau,None,68247.07,68243.64,30.57,0.746,0.1818,2.5326,0.9735,1.0,0.0
2024-03-08 20:31:31.187320,Waxing,None,68247.07,68244.97,30.41,3.361,-0.0145,2.4898,-0.3695,1.0,0.0
2024-03-08 20:31:32.517033,Plateau,None,68238.76,68243.46,30.41,-3.2201,-0.195,-3.837,-0.8878,1.0,0.0
2024-03-08 20:31:33.609438,Plateau,None,68237.55,68242.22,31.5,0.0258,0.1498,-1.6782,0.6817,1.0,0.0
2024-03-08 20:31:34.693242,Plateau,None,68236.01,68240.99,32.58,-1.3223,-0.1405,-2.5336,-0.8764,1.0,0.0
2024-03-08 20:31:35.783978,Plateau,None,68236.02,68239.75,33.67,-0.9273,0.0362,-2.0554,0.3452,1.0,0.0
2024-03-08 20:31:36.956175,Plateau,None,68236.02,68238.41,34.85,-1.0352,-0.0411,-2.6144,-0.2166,1.0,0.0
2024-03-08 20:31:38.090363,Plateau,None,68236.01,68237.12,35.98,-1.0044,-0.0116,-1.9032,0.0442,1.0,0.0
2024-03-08 20:31:39.254338,Plateau,None,68236.01,68236.01,37.14,-0.6632,0.0001,0.5762,0.0835,1.0,0.0
2024-03-08 20:31:40.470749,Plateau,None,68236.01,68236.01,38.36,0.9276,0.0655,1.9946,0.3464,1.0,0.0
2024-03-08 20:31:41.586599,Waxing,None,68236.01,68236.01,30.83,0.3328,-0.0558,0.6776,-0.312,1.0,0.0
2024-03-08 20:31:42.732684,Plateau,None,68236.01,68236.01,30.83,0.4349,0.0691,1.2698,0.393,1.0,0.0
2024-03-08 20:31:43.995960,Waxing,None,68227.62,68234.57,30.77,-1.8139,-0.1428,-1.1295,-0.753,1.0,0.0
2024-03-08 20:31:45.253591,Plateau,None,68224.84,68233.14,30.93,-1.4187,0.101,0.1628,0.6009,1.0,0.0
2024-03-08 20:31:46.376447,Plateau,None,68224.81,68231.87,32.05,-2.2162,-0.0853,-1.4278,-0.5198,1.0,0.0
2024-03-08 20:31:47.612560,Plateau,None,68224.81,68230.46,33.29,-2.0144,0.0201,-1.0404,0.2361,1.0,0.0
2024-03-08 20:31:48.751860,Plateau,None,68224.76,68229.16,34.42,-2.0742,-0.0301,-1.3343,-0.1139,1.0,0.0
2024-03-08 20:31:50.062958,Plateau,None,68222.57,68227.67,35.74,-2.0591,-0.0055,-0.2889,0.0298,1.0,0.0
2024-03-08 20:31:51.172703,Plateau,None,68222.57,68226.41,36.85,-2.0634,-0.0195,0.2114,0.0067,1.0,0.0
2024-03-08 20:31:52.524366,Plateau,None,68222.57,68224.88,38.2,-2.0639,-0.0064,-0.0571,0.0007,1.0,0.0
2024-03-08 20:31:53.635772,Plateau,None,68226.94,68226.14,39.31,2.1078,0.1854,4.1787,0.9861,1.0,0.0
2024-03-08 20:31:54.821698,Waxing,None,68226.45,68226.45,30.82,-1.7338,-0.2747,-0.6077,-1.5026,1.0,0.0
2024-03-08 20:31:55.947217,Plateau,None,68226.18,68226.18,30.83,3.1578,0.1896,1.1513,1.1289,1.0,0.0
2024-03-08 20:31:57.038107,Waxing,None,68226.18,68226.18,30.76,-0.7773,-0.0317,1.5107,-0.392,1.0,0.0
2024-03-08 20:31:58.113680,Plateau,None,68226.18,68226.18,30.55,-1.604,0.0087,0.9785,0.0279,1.0,0.0
2024-03-08 20:31:59.266036,Plateau,None,68226.18,68226.18,31.71,-1.4238,0.0227,-1.2017,0.0375,1.0,0.0
2024-03-08 20:32:00.399224,Plateau,None,68226.18,68226.18,32.84,-1.4737,0.0057,-0.6932,-0.009,1.0,0.0
2024-03-08 20:32:01.544463,Plateau,None,68226.18,68226.18,33.99,-1.4609,0.0126,0.2084,0.0201,1.0,0.0
2024-03-08 20:32:03.020291,Plateau,None,68226.18,68226.18,35.46,-1.4645,0.0041,0.1275,-0.0125,1.0,0.0
2024-03-08 20:32:04.227427,Plateau,None,68226.18,68226.18,36.67,-1.4638,0.0115,-0.0448,-0.0018,1.0,0.0
2024-03-08 20:32:05.391535,Plateau,None,68226.18,68226.18,37.83,-1.4638,0.0075,0.0128,0.0007,1.0,0.0
2024-03-08 20:32:06.648109,Plateau,None,68226.18,68226.18,39.09,-1.463,0.007,-0.0032,-0.0003,1.0,0.0
2024-03-08 20:32:07.758294,Plateau,None,68226.18,68226.18,40.2,-1.4657,0.0089,0.0001,-0.0005,1.0,0.0
2024-03-08 20:32:08.945460,Plateau,None,68226.18,68226.18,41.39,-1.4644,0.0059,0.0001,0.0004,1.0,0.0
2024-03-08 20:32:10.032470,Plateau,None,68226.18,68226.18,42.47,-1.4632,0.0082,-0.0002,0.0,1.0,0.0
2024-03-08 20:32:11.225705,Plateau,None,68226.18,68226.18,43.67,-1.4638,0.005,0.0,-0.0001,1.0,0.0
2024-03-08 20:32:12.560903,Plateau,None,68226.18,68226.18,45.0,-1.465,0.0051,-0.0001,-0.0002,1.0,0.0
2024-03-08 20:32:13.807369,Plateau,None,68222.6,68224.76,46.25,-3.6166,-0.0758,-2.1534,-0.4087,1.0,0.0
2024-03-08 20:32:14.943303,Plateau,None,68222.6,68223.47,47.38,-2.0672,0.0418,-0.6009,0.2291,1.0,0.0
2024-03-08 20:32:16.005200,Plateau,None,68222.6,68222.6,48.45,-2.1475,-0.03,-0.6818,-0.1705,1.0,0.0
2024-03-08 20:32:17.193344,Plateau,None,68222.6,68222.6,49.63,-0.8068,0.0537,0.6594,0.2856,1.0,0.0
2024-03-08 20:32:18.299793,Plateau,None,68222.6,68222.6,50.74,-1.8608,-0.0366,-0.3927,-0.2106,1.0,0.0
2024-03-08 20:32:19.578015,Plateau,None,68222.59,68222.59,52.02,-1.3599,0.0343,0.0918,0.2117,1.0,0.0
2024-03-08 20:32:20.745880,Plateau,None,68222.59,68222.59,53.19,-1.4666,-0.0045,0.0449,-0.0341,1.0,0.0
2024-03-08 20:32:21.879099,Plateau,None,68222.59,68222.59,54.32,-1.467,0.0087,-0.0866,0.0489,1.0,0.0
2024-03-08 20:32:23.018619,Plateau,None,68222.58,68222.58,55.46,-1.4778,0.0038,-0.0761,0.0176,1.0,0.0
2024-03-08 20:32:24.195116,Plateau,None,68222.59,68222.59,56.64,-1.439,0.0062,1.0532,0.0341,1.0,0.0
2024-03-08 20:32:25.433891,Waxing,None,68222.59,68222.59,30.61,0.4456,0.0012,-0.0194,-0.0187,1.0,0.0
2024-03-08 20:32:26.593636,Plateau,None,68222.59,68222.59,30.64,0.0073,0.006,0.0022,0.0128,1.0,0.0
2024-03-08 20:32:27.698950,Plateau,None,68222.59,68222.59,31.75,-0.0016,0.0025,-0.002,-0.0072,1.0,0.0
2024-03-08 20:32:28.882780,Plateau,None,68222.59,68222.59,32.93,0.0002,0.0032,0.0122,0.0035,1.0,0.0
2024-03-08 20:32:29.999843,Plateau,None,68222.6,68222.6,34.05,0.017,0.0042,0.0115,0.0032,1.0,0.0
2024-03-08 20:32:31.369560,Plateau,None,68222.6,68222.6,35.42,-0.0149,0.0,-0.0199,-0.0078,1.0,0.0
2024-03-08 20:32:32.506900,Plateau,None,68226.94,68223.89,36.55,2.0972,0.1101,2.1001,0.4895,1.0,0.0
2024-03-08 20:32:33.776158,Waxing,None,68226.94,68225.34,30.75,0.5037,-0.082,0.5135,-0.543,1.0,0.0
2024-03-08 20:32:34.864444,Plateau,None,68226.94,68226.57,30.63,1.2702,0.1053,1.2397,0.4863,1.0,0.0
2024-03-08 20:32:36.151405,Waxing,None,68226.94,68226.94,30.75,-0.6117,-0.1138,-0.4596,-0.679,1.0,0.0
2024-03-08 20:32:37.291592,Plateau,None,68226.94,68226.94,30.64,0.1826,0.0685,-0.1617,0.3099,1.0,0.0
2024-03-08 20:32:38.408056,Plateau,None,68226.94,68226.94,31.75,0.0062,-0.0295,-1.2801,-0.2817,1.0,0.0
2024-03-08 20:32:39.593817,Plateau,None,68236.53,68228.29,32.94,2.2032,0.1349,1.1148,0.6605,1.0,0.0
2024-03-08 20:32:40.709504,Waxing,None,68236.53,68229.56,30.67,1.1073,-0.0725,-0.4915,-0.5385,1.0,0.0
2024-03-08 20:32:41.853314,Plateau,None,68236.53,68230.86,30.62,0.2301,0.0995,1.1952,0.5373,1.0,0.0
2024-03-08 20:32:42.950918,Waxing,None,68226.04,68229.61,30.39,-2.1629,-0.2775,-3.2181,-1.4466,1.0,0.0
2024-03-08 20:32:44.157356,Plateau,None,68226.0,68228.24,30.34,1.19,0.2247,0.0631,1.3171,1.0,0.0
2024-03-08 20:32:45.283397,Plateau,None,68226.0,68226.96,31.47,-0.4602,-0.1842,-2.7168,-1.1473,1.0,0.0
2024-03-08 20:32:46.397690,Plateau,None,68226.0,68226.0,32.59,0.4726,0.063,-1.5765,0.5864,1.0,0.0
2024-03-08 20:32:47.599499,Plateau,None,68226.0,68226.0,33.79,1.6276,0.0166,-0.8848,0.0539,1.0,0.0
2024-03-08 20:32:48.896897,Plateau,None,68226.0,68226.0,35.08,0.5251,-0.0528,-0.2727,-0.1837,1.0,0.0
2024-03-08 20:32:50.042063,Plateau,None,68226.0,68226.0,36.23,1.0939,0.0318,1.6371,0.2921,1.0,0.0
2024-03-08 20:32:51.299925,Waxing,None,68223.77,68224.76,30.55,-1.9883,-0.1372,-0.8288,-0.641,1.0,0.0
2024-03-08 20:32:52.734477,Plateau,None,68221.13,68223.13,30.85,-0.6163,0.0741,-0.4512,0.5227,1.0,0.0
2024-03-08 20:32:53.864378,Plateau,None,68221.0,68221.84,31.98,-1.1648,-0.0837,-1.3059,-0.3899,1.0,0.0
2024-03-08 20:32:55.008625,Plateau,None,68221.12,68221.12,33.12,-0.1228,0.0473,-0.1177,0.3947,1.0,0.0
2024-03-08 20:32:56.200643,Plateau,None,68221.0,68221.0,34.32,0.1431,-0.0129,-0.0143,-0.045,1.0,0.0
2024-03-08 20:32:57.309561,Plateau,None,68221.0,68221.0,35.43,-0.0814,-0.006,0.6002,0.0588,1.0,0.0
2024-03-08 20:32:58.429660,Plateau,None,68221.0,68221.0,36.55,0.0312,0.007,1.211,0.0982,1.0,0.0
2024-03-08 20:32:59.480583,Waxing,None,68221.0,68221.0,30.59,-0.5536,-0.0042,1.1524,0.016,1.0,0.0
2024-03-08 20:33:00.737763,Waxing,None,68221.0,68221.0,31.85,-0.5529,0.0006,0.6563,0.0137,1.0,0.0
2024-03-08 20:33:01.904317,Waxing,None,68221.0,68221.0,33.02,-0.5536,-0.0012,0.1654,-0.003,1.0,0.0
2024-03-08 20:33:03.023589,Plateau,None,68221.0,68221.0,30.51,-0.6715,0.0036,0.0011,0.0023,1.0,0.0
2024-03-08 20:33:04.285123,Plateau,None,68221.0,68221.0,31.77,-0.6708,0.0027,-0.0003,0.0001,1.0,0.0
2024-03-08 20:33:05.451241,Plateau,None,68221.0,68221.0,32.94,-0.6699,0.0036,0.0,0.0,1.0,0.0
2024-03-08 20:33:06.555832,Plateau,None,68221.0,68221.0,34.04,-0.6708,0.003,0.0,-0.0003,1.0,0.0
2024-03-08 20:33:07.722776,Plateau,None,68214.39,68219.67,35.21,-2.8852,-0.1167,-2.2148,-0.5279,1.0,0.0
2024-03-08 20:33:08.944566,Plateau,None,68214.39,68218.28,36.43,-1.1514,0.0753,-0.4803,0.4564,1.0,0.0
2024-03-08 20:33:10.155859,Plateau,None,68212.75,68216.91,37.64,-1.9782,-0.0834,-1.3073,-0.4492,1.0,0.0
2024-03-08 20:33:11.309156,Plateau,None,68212.75,68215.6,38.8,-1.7623,0.0025,-1.1042,0.1388,1.0,0.0
2024-03-08 20:33:12.404536,Plateau,None,68212.75,68214.35,39.89,-1.8204,-0.033,-1.0929,-0.1153,1.0,0.0
2024-03-08 20:33:13.492219,Plateau,None,68212.75,68213.11,40.98,-1.8041,-0.0178,-1.2346,0.0028,1.0,0.0
2024-03-08 20:33:14.870723,Plateau,None,68212.75,68212.75,42.36,-0.0279,0.0582,0.997,0.3119,1.0,0.0
2024-03-08 20:33:16.032171,Plateau,None,68212.75,68212.75,43.52,-0.8777,-0.0327,1.1301,-0.1,1.0,0.0
2024-03-08 20:33:17.338660,Waxing,None,68212.75,68212.75,30.94,-0.1295,0.0396,1.114,0.2524,1.0,0.0
2024-03-08 20:33:18.597847,Waxing,None,68212.75,68212.75,32.2,-0.1264,0.0023,1.1759,-0.0247,1.0,0.0
2024-03-08 20:33:20.015719,Plateau,None,68212.75,68212.75,31.11,-0.8044,0.0098,0.4599,0.0341,1.0,0.0
2024-03-08 20:33:21.252566,Plateau,None,68212.75,68212.75,32.35,-0.8039,0.0099,0.0042,-0.0184,1.0,0.0
2024-03-08 20:33:22.381157,Plateau,None,68212.75,68212.75,33.48,-0.804,0.0091,-0.0008,0.0049,1.0,0.0
2024-03-08 20:33:23.590996,Plateau,None,68212.75,68212.75,34.69,-0.8036,0.007,0.0001,0.0002,1.0,0.0
2024-03-08 20:33:24.686504,Plateau,None,68212.75,68212.75,35.78,-0.8043,0.0092,0.0,-0.0002,1.0,0.0
2024-03-08 20:33:26.047211,Plateau,None,68212.75,68212.75,37.15,-0.8042,0.0038,-0.0001,0.0001,1.0,0.0
2024-03-08 20:33:27.235245,Plateau,None,68212.75,68212.75,38.33,-0.8042,0.0083,0.0,-0.0001,1.0,0.0
2024-03-08 20:33:28.382631,Plateau,None,68212.75,68212.75,39.48,-0.804,0.0059,-0.0001,0.0,1.0,0.0
2024-03-08 20:33:29.593345,Plateau,None,68212.75,68212.75,40.69,-0.8036,0.0055,-0.0001,0.0,1.0,0.0
2024-03-08 20:33:30.729627,Plateau,None,68212.75,68212.75,41.83,-0.8039,0.0063,0.0,-0.0001,1.0,0.0
2024-03-08 20:33:31.907180,Plateau,None,68206.0,68211.41,43.01,-3.0076,-0.0932,-2.2032,-0.4534,1.0,0.0
2024-03-08 20:33:33.123740,Plateau,None,68206.46,68210.03,44.22,-1.3009,0.0626,-0.4967,0.3657,1.0,0.0
2024-03-08 20:33:34.225333,Plateau,None,68206.46,68208.78,45.32,-2.0917,-0.0661,-1.2892,-0.3653,1.0,0.0
2024-03-08 20:33:35.331393,Plateau,None,68206.46,68207.52,46.43,-1.8981,0.0049,-1.0911,0.1034,1.0,0.0
2024-03-08 20:33:36.443734,Plateau,None,68206.46,68206.46,47.54,-1.597,-0.0106,-0.796,-0.0336,1.0,0.0
2024-03-08 20:33:37.682280,Plateau,None,68206.46,68206.46,48.78,0.0175,0.052,0.8219,0.2753,1.0,0.0
2024-03-08 20:33:39.153313,Plateau,None,68206.46,68206.46,50.25,-1.415,-0.0534,-0.613,-0.274,1.0,0.0
2024-03-08 20:33:40.317838,Plateau,None,68206.46,68206.46,51.42,-0.6903,0.0357,-0.0336,0.2463,1.0,0.0
2024-03-08 20:33:41.401749,Plateau,None,68206.46,68206.46,52.5,-0.8379,-0.0071,0.8461,-0.0325,1.0,0.0
2024-03-08 20:33:42.647863,Plateau,None,68206.46,68206.46,53.75,-0.7941,0.0105,1.2882,0.0759,1.0,0.0
2024-03-08 20:33:43.949417,Waxing,None,68206.46,68206.46,30.45,0.526,0.0042,-0.08,-0.0338,1.0,0.0
2024-03-08 20:33:45.080152,Plateau,None,68206.46,68206.46,30.2,0.0008,0.0093,0.041,0.0217,1.0,0.0
2024-03-08 20:33:46.259740,Plateau,None,68206.46,68206.46,31.38,-0.0006,0.0051,-0.012,-0.0042,1.0,0.0
2024-03-08 20:33:47.404794,Plateau,None,68200.17,68205.16,32.53,-2.1707,-0.1225,-2.1687,-0.6018,1.0,0.0
2024-03-08 20:33:48.508925,Plateau,None,68200.37,68203.9,33.63,-0.5585,0.073,-0.5545,0.4981,1.0,0.0
2024-03-08 20:33:49.694666,Plateau,None,68200.37,68202.56,34.82,-1.3081,-0.0878,-1.3223,-0.5396,1.0,0.0
2024-03-08 20:33:50.899819,Plateau,None,68200.37,68201.19,36.02,-1.0919,0.0085,-1.0717,0.1493,1.0,0.0
2024-03-08 20:33:52.105392,Plateau,None,68200.37,68200.37,37.23,-0.2628,0.013,-0.2737,0.086,1.0,0.0
2024-03-08 20:33:53.409703,Plateau,None,68200.37,68200.37,38.53,0.385,0.0207,0.3218,0.1329,1.0,0.0
2024-03-08 20:33:54.591978,Plateau,None,68200.37,68200.37,39.72,-0.2777,-0.0179,0.8448,-0.0367,1.0,0.0
2024-03-08 20:33:55.745251,Plateau,None,68200.37,68200.37,40.87,0.0768,0.027,1.284,0.1737,1.0,0.0
2024-03-08 20:33:56.861301,Waxing,None,68200.37,68200.37,30.81,0.0252,0.0006,1.036,-0.0595,1.0,0.0
2024-03-08 20:33:57.971503,Plateau,None,68200.37,68200.37,30.73,-0.15,0.0178,0.4797,0.0445,1.0,0.0
2024-03-08 20:33:59.044190,Plateau,None,68200.37,68200.37,31.8,-0.1572,0.0104,-0.0403,-0.0199,1.0,0.0
2024-03-08 20:34:00.235376,Plateau,None,68200.37,68200.37,33.0,-0.1559,0.0093,-0.0261,0.0093,1.0,0.0
2024-03-08 20:34:01.360480,Plateau,None,68200.37,68200.37,34.12,-0.1562,0.011,0.0209,-0.0032,1.0,0.0
2024-03-08 20:34:02.493480,Plateau,None,68200.37,68200.37,35.25,-0.1566,0.0086,-0.0071,-0.0008,1.0,0.0
2024-03-08 20:34:03.612857,Plateau,None,68200.37,68200.37,36.37,-0.1556,0.0091,0.0012,0.0004,1.0,0.0
2024-03-08 20:34:04.863169,Plateau,None,68200.37,68200.37,37.62,-0.1563,0.0063,-0.0002,-0.0004,1.0,0.0
2024-03-08 20:34:06.110617,Plateau,None,68200.37,68200.37,38.87,-0.1561,0.0075,-0.0001,0.0001,1.0,0.0
2024-03-08 20:34:07.382789,Plateau,None,68200.37,68200.37,40.14,-0.1556,0.0061,0.0,0.0,1.0,0.0
2024-03-08 20:34:08.624986,Plateau,None,68200.37,68200.37,41.38,-0.1556,0.0065,-0.0001,0.0,1.0,0.0
2024-03-08 20:34:09.761494,Plateau,None,68200.37,68200.37,42.52,-0.1565,0.0068,0.0,-0.0002,1.0,0.0
2024-03-08 20:34:11.008047,Plateau,None,68200.37,68200.37,43.77,-0.1557,0.0047,-0.0001,0.0001,1.0,0.0
2024-03-08 20:34:12.141105,Plateau,None,68200.37,68200.37,44.9,-0.1553,0.0067,0.0,0.0,1.0,0.0
2024-03-08 20:34:13.259952,Plateau,None,68200.37,68200.37,46.02,-0.1565,0.0052,-0.0001,-0.0002,1.0,0.0
2024-03-08 20:34:14.573170,Plateau,None,68200.37,68200.37,47.33,-0.1561,0.0038,-0.0001,0.0001,1.0,0.0
2024-03-08 20:34:15.721008,Plateau,None,68200.37,68200.37,48.48,-0.1578,0.0058,0.0,-0.0004,1.0,0.0
2024-03-08 20:34:16.862113,Plateau,None,68200.37,68200.37,49.62,-0.1561,0.0044,-0.0001,0.0003,1.0,0.0
2024-03-08 20:34:18.566980,Plateau,None,68200.37,68200.37,51.33,-0.1558,0.0014,0.0,-0.0003,1.0,0.0
2024-03-08 20:34:19.702449,Plateau,None,68200.37,68200.37,52.46,-0.1548,0.0062,-0.0001,0.0002,1.0,0.0
2024-03-08 20:34:20.910698,Plateau,None,68200.37,68200.37,53.67,-0.1565,0.0026,-0.0001,-0.0003,1.0,0.0
2024-03-08 20:34:22.384296,Plateau,None,68200.37,68200.37,55.14,-0.1558,0.0029,0.0,0.0002,1.0,0.0
2024-03-08 20:34:23.498513,Plateau,None,68200.37,68200.37,56.26,-0.1557,0.0049,-0.0001,-0.0001,1.0,0.0
2024-03-08 20:34:24.554659,Plateau,None,68206.46,68201.57,57.31,1.9867,0.0817,2.1431,0.3825,1.0,0.0
2024-03-08 20:34:25.946661,Waxing,None,68208.71,68203.15,31.35,0.3433,-0.1228,0.3536,-0.732,1.0,0.0
2024-03-08 20:34:27.037906,Plateau,None,68208.71,68204.39,30.17,1.2734,0.1152,1.2193,0.5405,1.0,0.0
2024-03-08 20:34:28.139950,Waxing,None,68208.71,68205.65,30.16,1.0937,-0.0086,1.1747,-0.2166,1.0,0.0
2024-03-08 20:34:29.381876,Plateau,None,68208.71,68207.06,30.33,1.1496,0.0417,0.825,0.136,1.0,0.0
2024-03-08 20:34:30.485646,Plateau,None,68208.71,68208.31,31.44,1.1344,0.0295,-0.1927,-0.0389,1.0,0.0
2024-03-08 20:34:31.725178,Plateau,None,68208.71,68208.71,32.68,-0.4747,-0.0717,-1.5855,-0.4074,1.0,0.0
2024-03-08 20:34:32.805703,Plateau,None,68208.71,68208.71,33.76,0.1204,0.0363,-0.9899,0.1441,1.0,0.0
2024-03-08 20:34:33.892678,Plateau,None,68208.71,68208.71,34.84,0.0465,-0.0239,-1.1084,-0.2103,1.0,0.0
2024-03-08 20:34:35.006239,Plateau,None,68208.71,68208.71,35.96,-0.0126,-0.0026,-1.1399,-0.024,1.0,0.0
2024-03-08 20:34:36.147693,Plateau,None,68208.71,68208.71,37.1,0.0034,-0.0058,-1.1152,-0.0414,1.0,0.0
2024-03-08 20:34:37.356445,Plateau,None,68208.71,68208.71,38.31,-0.001,-0.0052,-1.2567,-0.0146,1.0,0.0
2024-03-08 20:34:38.493700,Plateau,None,68208.71,68208.71,39.44,-0.0005,-0.0056,-0.6398,0.0076,1.0,0.0
2024-03-08 20:34:39.654943,Plateau,None,68208.71,68208.71,40.61,-0.0001,-0.0045,-0.0744,-0.0031,1.0,0.0
2024-03-08 20:34:40.782871,Plateau,None,68208.71,68208.71,41.73,0.0004,-0.0049,0.0146,-0.0022,1.0,0.0
2024-03-08 20:34:41.881552,Plateau,None,68208.71,68208.71,42.83,-0.0003,-0.0046,-0.0021,-0.0008,1.0,0.0
2024-03-08 20:34:43.100984,Plateau,None,68208.71,68208.71,44.05,-0.0001,-0.0034,0.0,0.0002,1.0,0.0
2024-03-08 20:34:44.178964,Plateau,None,68208.71,68208.71,45.13,-0.0002,-0.0049,0.0004,-0.0002,1.0,0.0
2024-03-08 20:34:45.470933,Plateau,None,68208.71,68208.71,46.42,-0.0001,-0.0022,-0.0002,0.0,1.0,0.0
2024-03-08 20:34:46.668716,Plateau,None,68208.71,68208.71,47.62,0.0006,-0.0041,0.0,0.0001,1.0,0.0
2024-03-08 20:34:47.780295,Plateau,None,68208.71,68208.71,48.73,0.0001,-0.0035,-0.0001,-0.0001,1.0,0.0
2024-03-08 20:34:49.105611,Plateau,None,68208.71,68208.71,50.06,0.0006,-0.0022,0.0,0.0001,1.0,0.0
2024-03-08 20:34:50.448445,Plateau,None,68208.7,68208.7,51.4,-0.0146,-0.0035,-0.0145,-0.0025,1.0,0.0
2024-03-08 20:34:51.632990,Plateau,None,68208.71,68208.71,52.58,0.0257,-0.0019,0.0256,0.0066,1.0,0.0
2024-03-08 20:34:52.780345,Plateau,None,68208.71,68208.71,53.73,-0.0166,-0.0042,-0.0164,-0.0075,1.0,0.0
2024-03-08 20:34:53.964894,Plateau,None,68208.71,68208.71,54.92,0.0066,-0.0015,0.007,0.006,1.0,0.0
2024-03-08 20:34:55.158374,Plateau,None,68208.71,68208.71,56.11,-0.0019,-0.0031,-0.0019,-0.0035,1.0,0.0
2024-03-08 20:34:56.250452,Plateau,None,68208.71,68208.71,57.2,0.0014,-0.0026,0.0004,0.0015,1.0,0.0
2024-03-08 20:34:57.357775,Plateau,None,68208.36,68208.36,58.31,-0.6175,-0.0239,-0.6179,-0.1082,1.0,0.0
2024-03-08 20:34:58.516310,Plateau,None,68208.41,68208.41,59.47,0.576,0.034,0.5767,0.1818,1.0,0.0
2024-03-08 20:34:59.810101,Plateau,None,68208.42,68208.42,60.76,-0.3103,-0.0355,-0.3126,-0.18,1.0,0.0
2024-03-08 20:35:00.957664,Plateau,None,68208.45,68208.45,61.91,0.1235,0.016,0.1236,0.1073,1.0,0.0
2024-03-08 20:35:02.181037,Plateau,None,68208.7,68208.7,63.13,0.34,-0.0005,0.3482,-0.0052,1.0,0.0
2024-03-08 20:35:03.260793,Plateau,None,68208.7,68208.7,64.21,-0.2556,-0.015,-0.2566,-0.063,1.0,0.0
2024-03-08 20:35:04.393270,Plateau,None,68208.7,68208.7,65.34,0.1319,0.0116,0.1228,0.0682,1.0,0.0
2024-03-08 20:35:05.488271,Plateau,None,68208.7,68208.7,66.44,-0.0339,-0.0097,-0.0316,-0.0419,1.0,0.0
2024-03-08 20:35:06.629090,Plateau,None,68208.7,68208.7,67.58,0.0077,0.0019,0.005,0.0213,1.0,0.0
2024-03-08 20:35:07.860751,Plateau,None,68208.7,68208.7,68.81,-0.0009,-0.0029,0.0179,-0.0085,1.0,0.0
2024-03-08 20:35:08.869090,Plateau,None,68208.7,68208.7,69.82,0.0002,-0.0019,-0.0274,0.0026,1.0,0.0
2024-03-08 20:35:09.988667,Plateau,None,68208.71,68208.71,70.94,0.018,-0.0009,0.0265,0.0017,1.0,0.0
2024-03-08 20:35:11.199490,Plateau,None,68208.71,68208.71,72.15,-0.0153,-0.0024,0.3678,-0.0038,1.0,0.0
2024-03-08 20:35:12.368561,Plateau,None,68208.71,68208.71,73.32,0.0059,-0.001,-0.0308,0.0002,1.0,0.0
2024-03-08 20:35:13.491584,Plateau,None,68208.71,68208.71,74.44,-0.001,-0.0019,-0.0721,-0.002,1.0,0.0
2024-03-08 20:35:14.577596,Plateau,None,68208.71,68208.71,75.53,0.0003,-0.0014,0.0315,-0.001,1.0,0.0
2024-03-08 20:35:15.796052,Plateau,None,68208.71,68208.71,76.75,-0.0003,-0.0012,-0.0332,-0.0015,1.0,0.0
2024-03-08 20:35:16.886573,Plateau,None,68208.71,68208.71,77.84,0.001,-0.0016,-0.2342,-0.0009,1.0,0.0
2024-03-08 20:35:17.978450,Plateau,None,68208.71,68208.71,78.93,-0.0018,-0.0014,-0.0911,0.0002,1.0,0.0
2024-03-08 20:35:19.131501,Plateau,None,68222.19,68210.02,80.08,2.2168,0.0531,2.2543,0.2674,1.0,0.0
2024-03-08 20:35:20.302958,Waxing,None,68222.19,68211.35,29.85,0.4808,-0.0849,0.5055,-0.5559,1.0,0.0
2024-03-08 20:35:21.527235,Waxing,None,68246.1,68212.74,31.07,1.2932,0.1023,1.3139,0.5585,1.0,0.0
2024-03-08 20:35:22.626120,Waxing,None,68245.69,68213.99,32.17,1.0748,0.0035,1.0515,-0.1815,1.0,0.0
2024-03-08 20:35:23.795464,Plateau,None,68245.0,68215.32,31.01,1.0877,0.0372,1.0967,0.118,1.0,0.0
2024-03-08 20:35:24.923062,Waxing,None,68245.41,68216.61,30.95,1.3787,0.0268,-0.2,-0.0526,1.0,0.0
2024-03-08 20:35:26.069375,Plateau,None,68272.8,68217.91,30.91,0.6515,0.0244,0.0535,0.0203,1.0,0.0
2024-03-08 20:35:27.155430,Plateau,None,68274.18,68219.14,31.99,0.6506,0.0251,-0.0011,-0.0071,1.0,0.0
2024-03-08 20:35:28.273523,Plateau,None,68269.36,68220.41,33.11,0.6507,0.0202,-0.0061,0.0013,1.0,0.0
2024-03-08 20:35:29.442875,Plateau,None,68273.68,68221.74,34.28,0.6512,0.0192,0.0032,0.0004,1.0,0.0
2024-03-08 20:35:30.638949,Plateau,None,68273.68,68223.1,35.48,0.6506,0.0177,-0.001,-0.0003,1.0,0.0
2024-03-08 20:35:31.744477,Plateau,None,68273.68,68224.36,36.58,0.6512,0.0195,0.0003,0.0002,1.0,0.0
2024-03-08 20:35:32.873832,Plateau,None,68273.68,68225.65,37.71,0.6502,0.0154,0.0001,-0.0003,1.0,0.0
2024-03-08 20:35:34.074690,Plateau,None,68270.27,68227.01,38.91,0.651,0.0143,0.0001,0.0002,1.0,0.0
2024-03-08 20:35:35.211778,Plateau,None,68271.13,68228.3,40.05,0.6505,0.0159,0.0001,-0.0002,1.0,0.0
2024-03-08 20:35:36.434217,Plateau,None,68271.12,68229.69,41.27,0.6503,0.0114,0.0001,0.0,1.0,0.0
2024-03-08 20:35:37.586144,Plateau,None,68271.0,68231.0,42.42,0.6511,0.0145,0.0001,0.0001,1.0,0.0
2024-03-08 20:35:38.755405,Plateau,None,68270.54,68232.33,43.59,0.651,0.0114,0.0001,-0.0001,1.0,0.0
2024-03-08 20:35:39.878790,Plateau,None,68270.73,68233.61,44.72,0.6512,0.0128,0.0001,0.0,1.0,0.0
2024-03-08 20:35:41.007450,Plateau,None,68267.06,68234.89,45.84,0.6511,0.0111,0.0001,-0.0001,1.0,0.0
2024-03-08 20:35:42.128001,Plateau,None,68266.95,68236.17,46.96,0.6504,0.0112,0.0001,-0.0001,1.0,0.0
2024-03-08 20:35:43.328912,Plateau,None,68266.85,68237.53,48.17,0.6511,0.009,0.0001,0.0001,1.0,0.0
2024-03-08 20:35:44.663126,Plateau,None,68266.7,68239.05,49.5,0.6507,0.0079,0.0001,-0.0002,1.0,0.0
2024-03-08 20:35:45.799197,Plateau,None,68271.33,68240.34,50.64,0.6511,0.0111,0.0001,0.0,1.0,0.0
2024-03-08 20:35:47.018379,Plateau,None,68267.57,68241.73,51.86,0.6507,0.0069,0.0001,-0.0001,1.0,0.0
2024-03-08 20:35:48.092816,Plateau,None,68267.86,68242.95,52.93,0.6505,0.0107,0.0002,-0.0001,1.0,0.0
2024-03-08 20:35:49.375107,Plateau,None,68279.99,68244.41,54.21,0.6507,0.0049,0.0002,0.0,1.0,0.0
2024-03-08 20:35:50.557561,Plateau,None,68280.25,68245.76,55.39,0.6506,0.0092,0.0002,-0.0001,1.0,0.0
2024-03-08 20:35:51.701388,Plateau,None,68278.17,68247.06,56.54,0.651,0.0072,0.0002,0.0,1.0,0.0
2024-03-08 20:35:52.943670,Plateau,None,68280.25,68248.47,57.78,0.6515,0.0062,0.0002,0.0,1.0,0.0
2024-03-08 20:35:54.166183,Plateau,None,68280.25,68249.86,59.0,0.65,0.0069,0.0002,-0.0002,1.0,0.0
2024-03-08 20:35:55.379265,Plateau,None,68277.4,68251.24,60.22,0.651,0.0063,0.0002,0.0001,1.0,0.0
2024-03-08 20:35:56.482812,Plateau,None,68276.88,68252.5,61.32,0.651,0.0073,0.0002,-0.0001,1.0,0.0
2024-03-08 20:35:57.700609,Plateau,None,68276.87,68253.88,62.54,0.6494,0.0048,0.0002,-0.0003,1.0,0.0
2024-03-08 20:35:58.963705,Plateau,None,68275.9,68255.32,63.8,0.6507,0.0058,0.0002,0.0001,1.0,0.0
2024-03-08 20:36:00.057096,Plateau,None,68275.59,68256.56,64.89,0.6506,0.0068,0.0002,-0.0001,1.0,0.0
2024-03-08 20:36:01.379302,Plateau,None,68275.19,68258.07,66.22,0.6508,0.0033,0.0002,0.0,1.0,0.0
2024-03-08 20:36:02.706917,Plateau,None,68275.48,68259.58,67.54,0.651,0.0054,0.0002,0.0,1.0,0.0
2024-03-08 20:36:03.856171,Plateau,None,68271.72,68260.88,68.69,0.6515,0.0057,0.0002,0.0,1.0,0.0
2024-03-08 20:36:05.192526,Plateau,None,68274.94,68262.4,70.03,0.648,0.0031,0.0002,-0.0004,1.0,0.0
2024-03-08 20:36:06.308230,Plateau,None,68274.92,68263.67,71.14,0.6507,0.0062,0.0002,0.0002,1.0,0.0
2024-03-08 20:36:07.731920,Plateau,None,68285.02,68265.29,72.57,0.6503,0.0019,0.0002,-0.0003,1.0,0.0
2024-03-08 20:36:08.934393,Plateau,None,68281.22,68266.66,73.77,0.6526,0.0057,0.0002,0.0003,1.0,0.0
2024-03-08 20:36:10.196084,Plateau,None,68282.68,68268.1,75.03,0.6515,0.0032,0.0002,-0.0002,1.0,0.0
2024-03-08 20:36:11.327342,Plateau,None,68283.73,68269.38,76.16,0.6499,0.005,0.0002,-0.0001,1.0,0.0
2024-03-08 20:36:12.448555,Plateau,None,68283.59,68270.66,77.29,0.6525,0.0041,0.0002,0.0003,1.0,0.0
2024-03-08 20:36:13.546823,Plateau,None,68283.69,68271.91,78.38,0.6527,0.0044,0.0002,0.0,1.0,0.0
2024-03-08 20:36:14.641120,Plateau,None,68290.42,68273.15,79.48,0.6513,0.0041,0.0002,-0.0001,1.0,0.0
2024-03-08 20:36:15.801491,Plateau,None,68290.42,68274.47,80.64,0.6487,0.0035,0.0003,-0.0003,1.0,0.0
2024-03-08 20:36:17.048531,Plateau,None,68296.42,68275.89,81.89,0.65,0.0033,0.0003,0.0001,1.0,0.0
2024-03-08 20:36:18.124427,Plateau,None,68295.12,68277.12,82.96,0.652,0.0045,0.0003,0.0001,1.0,0.0
2024-03-08 20:36:19.254931,Plateau,None,68294.92,68278.4,84.09,0.6525,0.0031,0.0003,0.0,1.0,0.0
2024-03-08 20:36:20.407171,Plateau,None,68295.37,68279.72,85.24,0.6508,0.0035,0.0003,-0.0002,1.0,0.0
2024-03-08 20:36:21.475641,Plateau,None,68295.18,68280.93,86.31,0.654,0.0039,0.0003,0.0004,1.0,0.0
2024-03-08 20:36:22.775839,Plateau,None,68296.39,68282.41,87.61,0.6524,0.002,0.0003,-0.0003,1.0,0.0
2024-03-08 20:36:23.961769,Plateau,None,68299.63,68283.76,88.8,0.6516,0.0037,0.0003,0.0,1.0,0.0
2024-03-08 20:36:25.058078,Plateau,None,68299.63,68285.01,89.89,0.6504,0.0032,0.0003,-0.0002,1.0,0.0
2024-03-08 20:36:26.245073,Plateau,None,68303.79,68286.36,91.08,0.6494,0.0026,0.0003,-0.0002,1.0,0.0
2024-03-08 20:36:27.391026,Plateau,None,68304.14,68287.66,92.23,0.6526,0.0032,0.0003,0.0002,1.0,0.0
2024-03-08 20:36:28.463067,Plateau,None,68303.72,68288.88,93.3,0.6512,0.0031,0.0003,-0.0002,1.0,0.0
2024-03-08 20:36:29.623459,Plateau,None,68303.66,68290.2,94.46,0.6515,0.0025,0.0003,0.0001,1.0,0.0
2024-03-08 20:36:30.794175,Plateau,None,68301.73,68291.54,95.63,0.6496,0.0028,0.0003,-0.0003,1.0,0.0
2024-03-08 20:36:31.995242,Plateau,None,68300.39,68292.9,96.83,0.6501,0.0024,0.0003,0.0,1.0,0.0
2024-03-08 20:36:33.117920,Plateau,None,68299.63,68294.18,97.95,0.6519,0.0029,0.0003,0.0,1.0,0.0
2024-03-08 20:36:34.182636,Plateau,None,68299.63,68295.39,99.02,0.6496,0.0027,0.0003,-0.0003,1.0,0.0
